docs/slp_decomposition/systematic/N10_T1_T11.ll	PassModel::run,SLPVectorizerPass::collectSeedInstructions,SLPVectorizerPass::run,SLPVectorizerPass::runImpl,SLPVectorizerPass::tryToVectorize,SLPVectorizerPass::tryToVectorizeList,SLPVectorizerPass::vectorizeChainsInBlock,SLPVectorizerPass::vectorizeCmpInsts,SLPVectorizerPass::vectorizeHorReduction,SLPVectorizerPass::vectorizeInsertElementInst,SLPVectorizerPass::vectorizeInserts,SLPVectorizerPass::vectorizeStoreChain,SLPVectorizerPass::vectorizeStoreChains,SLPVectorizerPass::vectorizeStores,tryToVectorize::lambda,vectorizeChainsInBlock::lambda,vectorizeStoreChains::lambda,vectorizeStores::lambda,vectorizeStores::sort_internals
docs/slp_decomposition/systematic/N10_T1_T3.ll	PassModel::run,SLPVectorizerPass::collectSeedInstructions,SLPVectorizerPass::run,SLPVectorizerPass::runImpl,SLPVectorizerPass::tryToVectorize,SLPVectorizerPass::tryToVectorizeList,SLPVectorizerPass::vectorizeChainsInBlock,SLPVectorizerPass::vectorizeCmpInsts,SLPVectorizerPass::vectorizeHorReduction,SLPVectorizerPass::vectorizeInsertElementInst,SLPVectorizerPass::vectorizeInserts,SLPVectorizerPass::vectorizeStoreChain,SLPVectorizerPass::vectorizeStoreChains,SLPVectorizerPass::vectorizeStores,tryToVectorize::lambda,vectorizeChainsInBlock::lambda,vectorizeStoreChains::lambda,vectorizeStores::lambda,vectorizeStores::sort_internals
docs/slp_decomposition/systematic/N10_T1_T6.ll	PassModel::run,SLPVectorizerPass::collectSeedInstructions,SLPVectorizerPass::run,SLPVectorizerPass::runImpl,SLPVectorizerPass::tryToVectorize,SLPVectorizerPass::tryToVectorizeList,SLPVectorizerPass::vectorizeChainsInBlock,SLPVectorizerPass::vectorizeCmpInsts,SLPVectorizerPass::vectorizeHorReduction,SLPVectorizerPass::vectorizeInsertElementInst,SLPVectorizerPass::vectorizeInserts,SLPVectorizerPass::vectorizeRootInstruction,SLPVectorizerPass::vectorizeStoreChain,SLPVectorizerPass::vectorizeStoreChains,SLPVectorizerPass::vectorizeStores,tryToVectorize::lambda,vectorizeChainsInBlock::lambda,vectorizeStoreChains::lambda,vectorizeStores::lambda,vectorizeStores::sort_internals
docs/slp_decomposition/systematic/N10_T1_T7.ll	PassModel::run,SLPVectorizerPass::collectSeedInstructions,SLPVectorizerPass::run,SLPVectorizerPass::runImpl,SLPVectorizerPass::tryToVectorize,SLPVectorizerPass::tryToVectorizeList,SLPVectorizerPass::vectorizeChainsInBlock,SLPVectorizerPass::vectorizeCmpInsts,SLPVectorizerPass::vectorizeGEPIndices,SLPVectorizerPass::vectorizeHorReduction,SLPVectorizerPass::vectorizeInsertElementInst,SLPVectorizerPass::vectorizeInserts,SLPVectorizerPass::vectorizeStoreChain,SLPVectorizerPass::vectorizeStoreChains,SLPVectorizerPass::vectorizeStores,tryToVectorize::lambda,vectorizeChainsInBlock::lambda,vectorizeGEPIndices::lambda,vectorizeStoreChains::lambda,vectorizeStores::lambda,vectorizeStores::sort_internals
docs/slp_decomposition/systematic/N10_T3_T11.ll	PassModel::run,SLPVectorizerPass::collectSeedInstructions,SLPVectorizerPass::run,SLPVectorizerPass::runImpl,SLPVectorizerPass::tryToVectorize,SLPVectorizerPass::tryToVectorizeList,SLPVectorizerPass::vectorizeChainsInBlock,SLPVectorizerPass::vectorizeCmpInsts,SLPVectorizerPass::vectorizeHorReduction,SLPVectorizerPass::vectorizeInsertElementInst,SLPVectorizerPass::vectorizeInserts,SLPVectorizerPass::vectorizeStoreChain,SLPVectorizerPass::vectorizeStoreChains,SLPVectorizerPass::vectorizeStores,tryToVectorize::lambda,vectorizeChainsInBlock::lambda,vectorizeStoreChains::lambda,vectorizeStores::lambda,vectorizeStores::sort_internals
docs/slp_decomposition/systematic/N10_T3_T6.ll	PassModel::run,SLPVectorizerPass::collectSeedInstructions,SLPVectorizerPass::run,SLPVectorizerPass::runImpl,SLPVectorizerPass::tryToVectorize,SLPVectorizerPass::tryToVectorizeList,SLPVectorizerPass::vectorizeChainsInBlock,SLPVectorizerPass::vectorizeCmpInsts,SLPVectorizerPass::vectorizeHorReduction,SLPVectorizerPass::vectorizeInsertElementInst,SLPVectorizerPass::vectorizeInserts,SLPVectorizerPass::vectorizeRootInstruction,SLPVectorizerPass::vectorizeStoreChain,SLPVectorizerPass::vectorizeStoreChains,SLPVectorizerPass::vectorizeStores,tryToVectorize::lambda,vectorizeChainsInBlock::lambda,vectorizeStoreChains::lambda,vectorizeStores::lambda,vectorizeStores::sort_internals
docs/slp_decomposition/systematic/N10_T3_T7.ll	PassModel::run,SLPVectorizerPass::collectSeedInstructions,SLPVectorizerPass::run,SLPVectorizerPass::runImpl,SLPVectorizerPass::tryToVectorize,SLPVectorizerPass::tryToVectorizeList,SLPVectorizerPass::vectorizeChainsInBlock,SLPVectorizerPass::vectorizeCmpInsts,SLPVectorizerPass::vectorizeGEPIndices,SLPVectorizerPass::vectorizeHorReduction,SLPVectorizerPass::vectorizeInsertElementInst,SLPVectorizerPass::vectorizeInserts,SLPVectorizerPass::vectorizeStoreChain,SLPVectorizerPass::vectorizeStoreChains,SLPVectorizerPass::vectorizeStores,tryToVectorize::lambda,vectorizeChainsInBlock::lambda,vectorizeGEPIndices::lambda,vectorizeStoreChains::lambda,vectorizeStores::lambda,vectorizeStores::sort_internals
docs/slp_decomposition/systematic/N10_T6_T11.ll	PassModel::run,SLPVectorizerPass::collectSeedInstructions,SLPVectorizerPass::run,SLPVectorizerPass::runImpl,SLPVectorizerPass::tryToVectorize,SLPVectorizerPass::tryToVectorizeList,SLPVectorizerPass::vectorizeChainsInBlock,SLPVectorizerPass::vectorizeCmpInsts,SLPVectorizerPass::vectorizeHorReduction,SLPVectorizerPass::vectorizeInsertElementInst,SLPVectorizerPass::vectorizeInserts,SLPVectorizerPass::vectorizeRootInstruction,SLPVectorizerPass::vectorizeStoreChain,SLPVectorizerPass::vectorizeStoreChains,SLPVectorizerPass::vectorizeStores,tryToVectorize::lambda,vectorizeChainsInBlock::lambda,vectorizeStoreChains::lambda,vectorizeStores::lambda,vectorizeStores::sort_internals
docs/slp_decomposition/systematic/N10_T6_T7.ll	PassModel::run,SLPVectorizerPass::collectSeedInstructions,SLPVectorizerPass::run,SLPVectorizerPass::runImpl,SLPVectorizerPass::tryToVectorize,SLPVectorizerPass::tryToVectorizeList,SLPVectorizerPass::vectorizeChainsInBlock,SLPVectorizerPass::vectorizeCmpInsts,SLPVectorizerPass::vectorizeGEPIndices,SLPVectorizerPass::vectorizeHorReduction,SLPVectorizerPass::vectorizeInsertElementInst,SLPVectorizerPass::vectorizeInserts,SLPVectorizerPass::vectorizeRootInstruction,SLPVectorizerPass::vectorizeStoreChain,SLPVectorizerPass::vectorizeStoreChains,SLPVectorizerPass::vectorizeStores,tryToVectorize::lambda,vectorizeChainsInBlock::lambda,vectorizeGEPIndices::lambda,vectorizeStoreChains::lambda,vectorizeStores::lambda,vectorizeStores::sort_internals
docs/slp_decomposition/systematic/N10_T7_T11.ll	PassModel::run,SLPVectorizerPass::collectSeedInstructions,SLPVectorizerPass::run,SLPVectorizerPass::runImpl,SLPVectorizerPass::tryToVectorize,SLPVectorizerPass::tryToVectorizeList,SLPVectorizerPass::vectorizeChainsInBlock,SLPVectorizerPass::vectorizeCmpInsts,SLPVectorizerPass::vectorizeGEPIndices,SLPVectorizerPass::vectorizeHorReduction,SLPVectorizerPass::vectorizeInsertElementInst,SLPVectorizerPass::vectorizeInserts,SLPVectorizerPass::vectorizeStoreChain,SLPVectorizerPass::vectorizeStoreChains,SLPVectorizerPass::vectorizeStores,tryToVectorize::lambda,vectorizeChainsInBlock::lambda,vectorizeGEPIndices::lambda,vectorizeStoreChains::lambda,vectorizeStores::lambda,vectorizeStores::sort_internals
docs/slp_decomposition/systematic/N11_T1_T11.ll	PassModel::run,SLPVectorizerPass::collectSeedInstructions,SLPVectorizerPass::run,SLPVectorizerPass::runImpl,SLPVectorizerPass::tryToVectorize,SLPVectorizerPass::tryToVectorizeList,SLPVectorizerPass::vectorizeChainsInBlock,SLPVectorizerPass::vectorizeCmpInsts,SLPVectorizerPass::vectorizeHorReduction,SLPVectorizerPass::vectorizeInserts,SLPVectorizerPass::vectorizeRootInstruction,SLPVectorizerPass::vectorizeStoreChain,SLPVectorizerPass::vectorizeStoreChains,SLPVectorizerPass::vectorizeStores,tryToVectorize::lambda,vectorizeChainsInBlock::lambda,vectorizeStoreChains::lambda,vectorizeStores::lambda,vectorizeStores::sort_internals
docs/slp_decomposition/systematic/N11_T1_T3.ll	PassModel::run,SLPVectorizerPass::collectSeedInstructions,SLPVectorizerPass::run,SLPVectorizerPass::runImpl,SLPVectorizerPass::tryToVectorize,SLPVectorizerPass::tryToVectorizeList,SLPVectorizerPass::vectorizeChainsInBlock,SLPVectorizerPass::vectorizeCmpInsts,SLPVectorizerPass::vectorizeHorReduction,SLPVectorizerPass::vectorizeInsertElementInst,SLPVectorizerPass::vectorizeInserts,SLPVectorizerPass::vectorizeRootInstruction,SLPVectorizerPass::vectorizeStoreChain,SLPVectorizerPass::vectorizeStoreChains,SLPVectorizerPass::vectorizeStores,tryToVectorize::lambda,vectorizeChainsInBlock::lambda,vectorizeStoreChains::lambda,vectorizeStores::lambda,vectorizeStores::sort_internals
docs/slp_decomposition/systematic/N11_T1_T6.ll	PassModel::run,SLPVectorizerPass::collectSeedInstructions,SLPVectorizerPass::run,SLPVectorizerPass::runImpl,SLPVectorizerPass::tryToVectorize,SLPVectorizerPass::tryToVectorizeList,SLPVectorizerPass::vectorizeChainsInBlock,SLPVectorizerPass::vectorizeCmpInsts,SLPVectorizerPass::vectorizeHorReduction,SLPVectorizerPass::vectorizeInserts,SLPVectorizerPass::vectorizeRootInstruction,SLPVectorizerPass::vectorizeStoreChain,SLPVectorizerPass::vectorizeStoreChains,SLPVectorizerPass::vectorizeStores,tryToVectorize::lambda,vectorizeChainsInBlock::lambda,vectorizeStoreChains::lambda,vectorizeStores::lambda,vectorizeStores::sort_internals
docs/slp_decomposition/systematic/N11_T1_T7.ll	PassModel::run,SLPVectorizerPass::collectSeedInstructions,SLPVectorizerPass::run,SLPVectorizerPass::runImpl,SLPVectorizerPass::tryToVectorize,SLPVectorizerPass::tryToVectorizeList,SLPVectorizerPass::vectorizeChainsInBlock,SLPVectorizerPass::vectorizeCmpInsts,SLPVectorizerPass::vectorizeGEPIndices,SLPVectorizerPass::vectorizeHorReduction,SLPVectorizerPass::vectorizeInserts,SLPVectorizerPass::vectorizeRootInstruction,SLPVectorizerPass::vectorizeStoreChain,SLPVectorizerPass::vectorizeStoreChains,SLPVectorizerPass::vectorizeStores,tryToVectorize::lambda,vectorizeChainsInBlock::lambda,vectorizeGEPIndices::lambda,vectorizeStoreChains::lambda,vectorizeStores::lambda,vectorizeStores::sort_internals
docs/slp_decomposition/systematic/N11_T3_T11.ll	PassModel::run,SLPVectorizerPass::collectSeedInstructions,SLPVectorizerPass::run,SLPVectorizerPass::runImpl,SLPVectorizerPass::tryToVectorize,SLPVectorizerPass::tryToVectorizeList,SLPVectorizerPass::vectorizeChainsInBlock,SLPVectorizerPass::vectorizeCmpInsts,SLPVectorizerPass::vectorizeHorReduction,SLPVectorizerPass::vectorizeInsertElementInst,SLPVectorizerPass::vectorizeInserts,SLPVectorizerPass::vectorizeRootInstruction,SLPVectorizerPass::vectorizeStoreChain,SLPVectorizerPass::vectorizeStoreChains,SLPVectorizerPass::vectorizeStores,tryToVectorize::lambda,vectorizeChainsInBlock::lambda,vectorizeStoreChains::lambda,vectorizeStores::lambda,vectorizeStores::sort_internals
docs/slp_decomposition/systematic/N11_T3_T6.ll	PassModel::run,SLPVectorizerPass::collectSeedInstructions,SLPVectorizerPass::run,SLPVectorizerPass::runImpl,SLPVectorizerPass::tryToVectorize,SLPVectorizerPass::tryToVectorizeList,SLPVectorizerPass::vectorizeChainsInBlock,SLPVectorizerPass::vectorizeCmpInsts,SLPVectorizerPass::vectorizeHorReduction,SLPVectorizerPass::vectorizeInsertElementInst,SLPVectorizerPass::vectorizeInserts,SLPVectorizerPass::vectorizeRootInstruction,SLPVectorizerPass::vectorizeStoreChains,tryToVectorize::lambda,vectorizeChainsInBlock::lambda
docs/slp_decomposition/systematic/N11_T3_T7.ll	PassModel::run,SLPVectorizerPass::collectSeedInstructions,SLPVectorizerPass::run,SLPVectorizerPass::runImpl,SLPVectorizerPass::tryToVectorize,SLPVectorizerPass::tryToVectorizeList,SLPVectorizerPass::vectorizeChainsInBlock,SLPVectorizerPass::vectorizeCmpInsts,SLPVectorizerPass::vectorizeGEPIndices,SLPVectorizerPass::vectorizeHorReduction,SLPVectorizerPass::vectorizeInsertElementInst,SLPVectorizerPass::vectorizeInserts,SLPVectorizerPass::vectorizeRootInstruction,SLPVectorizerPass::vectorizeStoreChain,SLPVectorizerPass::vectorizeStoreChains,SLPVectorizerPass::vectorizeStores,tryToVectorize::lambda,vectorizeChainsInBlock::lambda,vectorizeGEPIndices::lambda,vectorizeStoreChains::lambda,vectorizeStores::lambda,vectorizeStores::sort_internals
docs/slp_decomposition/systematic/N11_T6_T11.ll	PassModel::run,SLPVectorizerPass::collectSeedInstructions,SLPVectorizerPass::run,SLPVectorizerPass::runImpl,SLPVectorizerPass::tryToVectorize,SLPVectorizerPass::tryToVectorizeList,SLPVectorizerPass::vectorizeChainsInBlock,SLPVectorizerPass::vectorizeCmpInsts,SLPVectorizerPass::vectorizeHorReduction,SLPVectorizerPass::vectorizeInserts,SLPVectorizerPass::vectorizeRootInstruction,SLPVectorizerPass::vectorizeStoreChain,SLPVectorizerPass::vectorizeStoreChains,SLPVectorizerPass::vectorizeStores,tryToVectorize::lambda,vectorizeChainsInBlock::lambda,vectorizeStoreChains::lambda,vectorizeStores::lambda,vectorizeStores::sort_internals
docs/slp_decomposition/systematic/N11_T6_T7.ll	PassModel::run,SLPVectorizerPass::collectSeedInstructions,SLPVectorizerPass::run,SLPVectorizerPass::runImpl,SLPVectorizerPass::tryToVectorize,SLPVectorizerPass::tryToVectorizeList,SLPVectorizerPass::vectorizeChainsInBlock,SLPVectorizerPass::vectorizeCmpInsts,SLPVectorizerPass::vectorizeGEPIndices,SLPVectorizerPass::vectorizeHorReduction,SLPVectorizerPass::vectorizeInserts,SLPVectorizerPass::vectorizeRootInstruction,SLPVectorizerPass::vectorizeStoreChain,SLPVectorizerPass::vectorizeStoreChains,SLPVectorizerPass::vectorizeStores,tryToVectorize::lambda,vectorizeChainsInBlock::lambda,vectorizeGEPIndices::lambda,vectorizeStoreChains::lambda,vectorizeStores::lambda,vectorizeStores::sort_internals
docs/slp_decomposition/systematic/N11_T7_T11.ll	PassModel::run,SLPVectorizerPass::collectSeedInstructions,SLPVectorizerPass::run,SLPVectorizerPass::runImpl,SLPVectorizerPass::tryToVectorize,SLPVectorizerPass::tryToVectorizeList,SLPVectorizerPass::vectorizeChainsInBlock,SLPVectorizerPass::vectorizeCmpInsts,SLPVectorizerPass::vectorizeGEPIndices,SLPVectorizerPass::vectorizeHorReduction,SLPVectorizerPass::vectorizeInserts,SLPVectorizerPass::vectorizeRootInstruction,SLPVectorizerPass::vectorizeStoreChain,SLPVectorizerPass::vectorizeStoreChains,SLPVectorizerPass::vectorizeStores,tryToVectorize::lambda,vectorizeChainsInBlock::lambda,vectorizeGEPIndices::lambda,vectorizeStoreChains::lambda,vectorizeStores::lambda,vectorizeStores::sort_internals
docs/slp_decomposition/systematic/N12_T1_T11.ll	PassModel::run,SLPVectorizerPass::collectSeedInstructions,SLPVectorizerPass::run,SLPVectorizerPass::runImpl,SLPVectorizerPass::tryToVectorize,SLPVectorizerPass::tryToVectorizeList,SLPVectorizerPass::vectorizeChainsInBlock,SLPVectorizerPass::vectorizeCmpInsts,SLPVectorizerPass::vectorizeHorReduction,SLPVectorizerPass::vectorizeInserts,SLPVectorizerPass::vectorizeRootInstruction,SLPVectorizerPass::vectorizeStoreChain,SLPVectorizerPass::vectorizeStoreChains,SLPVectorizerPass::vectorizeStores,tryToVectorize::lambda,tryToVectorizeList::lambda,vectorizeChainsInBlock::lambda,vectorizeCmpInsts::lambda,vectorizeCmpInsts::sort_internals,vectorizeStoreChains::lambda,vectorizeStores::lambda,vectorizeStores::sort_internals
docs/slp_decomposition/systematic/N12_T1_T3.ll	PassModel::run,SLPVectorizerPass::collectSeedInstructions,SLPVectorizerPass::run,SLPVectorizerPass::runImpl,SLPVectorizerPass::tryToVectorize,SLPVectorizerPass::tryToVectorizeList,SLPVectorizerPass::vectorizeChainsInBlock,SLPVectorizerPass::vectorizeCmpInsts,SLPVectorizerPass::vectorizeHorReduction,SLPVectorizerPass::vectorizeInsertElementInst,SLPVectorizerPass::vectorizeInserts,SLPVectorizerPass::vectorizeRootInstruction,SLPVectorizerPass::vectorizeStoreChain,SLPVectorizerPass::vectorizeStoreChains,SLPVectorizerPass::vectorizeStores,tryToVectorize::lambda,tryToVectorizeList::lambda,vectorizeChainsInBlock::lambda,vectorizeCmpInsts::lambda,vectorizeCmpInsts::sort_internals,vectorizeStoreChains::lambda,vectorizeStores::lambda,vectorizeStores::sort_internals
docs/slp_decomposition/systematic/N12_T1_T6.ll	PassModel::run,SLPVectorizerPass::collectSeedInstructions,SLPVectorizerPass::run,SLPVectorizerPass::runImpl,SLPVectorizerPass::tryToVectorize,SLPVectorizerPass::tryToVectorizeList,SLPVectorizerPass::vectorizeChainsInBlock,SLPVectorizerPass::vectorizeCmpInsts,SLPVectorizerPass::vectorizeHorReduction,SLPVectorizerPass::vectorizeInserts,SLPVectorizerPass::vectorizeRootInstruction,SLPVectorizerPass::vectorizeStoreChain,SLPVectorizerPass::vectorizeStoreChains,SLPVectorizerPass::vectorizeStores,tryToVectorize::lambda,tryToVectorizeList::lambda,vectorizeChainsInBlock::lambda,vectorizeCmpInsts::lambda,vectorizeCmpInsts::sort_internals,vectorizeStoreChains::lambda,vectorizeStores::lambda,vectorizeStores::sort_internals
docs/slp_decomposition/systematic/N12_T1_T7.ll	PassModel::run,SLPVectorizerPass::collectSeedInstructions,SLPVectorizerPass::run,SLPVectorizerPass::runImpl,SLPVectorizerPass::tryToVectorize,SLPVectorizerPass::tryToVectorizeList,SLPVectorizerPass::vectorizeChainsInBlock,SLPVectorizerPass::vectorizeCmpInsts,SLPVectorizerPass::vectorizeGEPIndices,SLPVectorizerPass::vectorizeHorReduction,SLPVectorizerPass::vectorizeInserts,SLPVectorizerPass::vectorizeRootInstruction,SLPVectorizerPass::vectorizeStoreChain,SLPVectorizerPass::vectorizeStoreChains,SLPVectorizerPass::vectorizeStores,tryToVectorize::lambda,tryToVectorizeList::lambda,vectorizeChainsInBlock::lambda,vectorizeCmpInsts::lambda,vectorizeCmpInsts::sort_internals,vectorizeGEPIndices::lambda,vectorizeStoreChains::lambda,vectorizeStores::lambda,vectorizeStores::sort_internals
docs/slp_decomposition/systematic/N12_T3_T11.ll	PassModel::run,SLPVectorizerPass::collectSeedInstructions,SLPVectorizerPass::run,SLPVectorizerPass::runImpl,SLPVectorizerPass::tryToVectorize,SLPVectorizerPass::tryToVectorizeList,SLPVectorizerPass::vectorizeChainsInBlock,SLPVectorizerPass::vectorizeCmpInsts,SLPVectorizerPass::vectorizeHorReduction,SLPVectorizerPass::vectorizeInsertElementInst,SLPVectorizerPass::vectorizeInserts,SLPVectorizerPass::vectorizeRootInstruction,SLPVectorizerPass::vectorizeStoreChain,SLPVectorizerPass::vectorizeStoreChains,SLPVectorizerPass::vectorizeStores,tryToVectorize::lambda,tryToVectorizeList::lambda,vectorizeChainsInBlock::lambda,vectorizeCmpInsts::lambda,vectorizeCmpInsts::sort_internals,vectorizeStoreChains::lambda,vectorizeStores::lambda,vectorizeStores::sort_internals
docs/slp_decomposition/systematic/N12_T3_T6.ll	PassModel::run,SLPVectorizerPass::collectSeedInstructions,SLPVectorizerPass::run,SLPVectorizerPass::runImpl,SLPVectorizerPass::tryToVectorize,SLPVectorizerPass::tryToVectorizeList,SLPVectorizerPass::vectorizeChainsInBlock,SLPVectorizerPass::vectorizeCmpInsts,SLPVectorizerPass::vectorizeHorReduction,SLPVectorizerPass::vectorizeInsertElementInst,SLPVectorizerPass::vectorizeInserts,SLPVectorizerPass::vectorizeRootInstruction,SLPVectorizerPass::vectorizeStoreChains,tryToVectorize::lambda,tryToVectorizeList::lambda,vectorizeChainsInBlock::lambda,vectorizeCmpInsts::lambda,vectorizeCmpInsts::sort_internals
docs/slp_decomposition/systematic/N12_T3_T7.ll	PassModel::run,SLPVectorizerPass::collectSeedInstructions,SLPVectorizerPass::run,SLPVectorizerPass::runImpl,SLPVectorizerPass::tryToVectorize,SLPVectorizerPass::tryToVectorizeList,SLPVectorizerPass::vectorizeChainsInBlock,SLPVectorizerPass::vectorizeCmpInsts,SLPVectorizerPass::vectorizeGEPIndices,SLPVectorizerPass::vectorizeHorReduction,SLPVectorizerPass::vectorizeInsertElementInst,SLPVectorizerPass::vectorizeInserts,SLPVectorizerPass::vectorizeRootInstruction,SLPVectorizerPass::vectorizeStoreChain,SLPVectorizerPass::vectorizeStoreChains,SLPVectorizerPass::vectorizeStores,tryToVectorize::lambda,tryToVectorizeList::lambda,vectorizeChainsInBlock::lambda,vectorizeCmpInsts::lambda,vectorizeCmpInsts::sort_internals,vectorizeGEPIndices::lambda,vectorizeStoreChains::lambda,vectorizeStores::lambda,vectorizeStores::sort_internals
docs/slp_decomposition/systematic/N12_T6_T11.ll	PassModel::run,SLPVectorizerPass::collectSeedInstructions,SLPVectorizerPass::run,SLPVectorizerPass::runImpl,SLPVectorizerPass::tryToVectorize,SLPVectorizerPass::tryToVectorizeList,SLPVectorizerPass::vectorizeChainsInBlock,SLPVectorizerPass::vectorizeCmpInsts,SLPVectorizerPass::vectorizeHorReduction,SLPVectorizerPass::vectorizeInserts,SLPVectorizerPass::vectorizeRootInstruction,SLPVectorizerPass::vectorizeStoreChain,SLPVectorizerPass::vectorizeStoreChains,SLPVectorizerPass::vectorizeStores,tryToVectorize::lambda,tryToVectorizeList::lambda,vectorizeChainsInBlock::lambda,vectorizeCmpInsts::lambda,vectorizeCmpInsts::sort_internals,vectorizeStoreChains::lambda,vectorizeStores::lambda,vectorizeStores::sort_internals
docs/slp_decomposition/systematic/N12_T6_T7.ll	PassModel::run,SLPVectorizerPass::collectSeedInstructions,SLPVectorizerPass::run,SLPVectorizerPass::runImpl,SLPVectorizerPass::tryToVectorize,SLPVectorizerPass::tryToVectorizeList,SLPVectorizerPass::vectorizeChainsInBlock,SLPVectorizerPass::vectorizeCmpInsts,SLPVectorizerPass::vectorizeGEPIndices,SLPVectorizerPass::vectorizeHorReduction,SLPVectorizerPass::vectorizeInserts,SLPVectorizerPass::vectorizeRootInstruction,SLPVectorizerPass::vectorizeStoreChain,SLPVectorizerPass::vectorizeStoreChains,SLPVectorizerPass::vectorizeStores,tryToVectorize::lambda,tryToVectorizeList::lambda,vectorizeChainsInBlock::lambda,vectorizeCmpInsts::lambda,vectorizeCmpInsts::sort_internals,vectorizeGEPIndices::lambda,vectorizeStoreChains::lambda,vectorizeStores::lambda,vectorizeStores::sort_internals
docs/slp_decomposition/systematic/N12_T7_T11.ll	PassModel::run,SLPVectorizerPass::collectSeedInstructions,SLPVectorizerPass::run,SLPVectorizerPass::runImpl,SLPVectorizerPass::tryToVectorize,SLPVectorizerPass::tryToVectorizeList,SLPVectorizerPass::vectorizeChainsInBlock,SLPVectorizerPass::vectorizeCmpInsts,SLPVectorizerPass::vectorizeGEPIndices,SLPVectorizerPass::vectorizeHorReduction,SLPVectorizerPass::vectorizeInserts,SLPVectorizerPass::vectorizeRootInstruction,SLPVectorizerPass::vectorizeStoreChain,SLPVectorizerPass::vectorizeStoreChains,SLPVectorizerPass::vectorizeStores,tryToVectorize::lambda,tryToVectorizeList::lambda,vectorizeChainsInBlock::lambda,vectorizeCmpInsts::lambda,vectorizeCmpInsts::sort_internals,vectorizeGEPIndices::lambda,vectorizeStoreChains::lambda,vectorizeStores::lambda,vectorizeStores::sort_internals
docs/slp_decomposition/systematic/N13_T1_T11.ll	PassModel::run,SLPVectorizerPass::collectSeedInstructions,SLPVectorizerPass::run,SLPVectorizerPass::runImpl,SLPVectorizerPass::tryToVectorize,SLPVectorizerPass::tryToVectorizeList,SLPVectorizerPass::vectorizeChainsInBlock,SLPVectorizerPass::vectorizeCmpInsts,SLPVectorizerPass::vectorizeHorReduction,SLPVectorizerPass::vectorizeInsertElementInst,SLPVectorizerPass::vectorizeInserts,SLPVectorizerPass::vectorizeRootInstruction,SLPVectorizerPass::vectorizeStoreChain,SLPVectorizerPass::vectorizeStoreChains,SLPVectorizerPass::vectorizeStores,tryToVectorizeList::lambda,vectorizeChainsInBlock::lambda,vectorizeStoreChains::lambda,vectorizeStores::lambda,vectorizeStores::sort_internals
docs/slp_decomposition/systematic/N13_T1_T3.ll	PassModel::run,SLPVectorizerPass::collectSeedInstructions,SLPVectorizerPass::run,SLPVectorizerPass::runImpl,SLPVectorizerPass::tryToVectorize,SLPVectorizerPass::tryToVectorizeList,SLPVectorizerPass::vectorizeChainsInBlock,SLPVectorizerPass::vectorizeCmpInsts,SLPVectorizerPass::vectorizeHorReduction,SLPVectorizerPass::vectorizeInsertElementInst,SLPVectorizerPass::vectorizeInserts,SLPVectorizerPass::vectorizeRootInstruction,SLPVectorizerPass::vectorizeStoreChain,SLPVectorizerPass::vectorizeStoreChains,SLPVectorizerPass::vectorizeStores,tryToVectorizeList::lambda,vectorizeChainsInBlock::lambda,vectorizeStoreChains::lambda,vectorizeStores::lambda,vectorizeStores::sort_internals
docs/slp_decomposition/systematic/N13_T1_T6.ll	PassModel::run,SLPVectorizerPass::collectSeedInstructions,SLPVectorizerPass::run,SLPVectorizerPass::runImpl,SLPVectorizerPass::tryToVectorize,SLPVectorizerPass::tryToVectorizeList,SLPVectorizerPass::vectorizeChainsInBlock,SLPVectorizerPass::vectorizeCmpInsts,SLPVectorizerPass::vectorizeHorReduction,SLPVectorizerPass::vectorizeInsertElementInst,SLPVectorizerPass::vectorizeInserts,SLPVectorizerPass::vectorizeRootInstruction,SLPVectorizerPass::vectorizeStoreChain,SLPVectorizerPass::vectorizeStoreChains,SLPVectorizerPass::vectorizeStores,tryToVectorizeList::lambda,vectorizeChainsInBlock::lambda,vectorizeStoreChains::lambda,vectorizeStores::lambda,vectorizeStores::sort_internals
docs/slp_decomposition/systematic/N13_T1_T7.ll	PassModel::run,SLPVectorizerPass::collectSeedInstructions,SLPVectorizerPass::run,SLPVectorizerPass::runImpl,SLPVectorizerPass::tryToVectorize,SLPVectorizerPass::tryToVectorizeList,SLPVectorizerPass::vectorizeChainsInBlock,SLPVectorizerPass::vectorizeCmpInsts,SLPVectorizerPass::vectorizeGEPIndices,SLPVectorizerPass::vectorizeHorReduction,SLPVectorizerPass::vectorizeInsertElementInst,SLPVectorizerPass::vectorizeInserts,SLPVectorizerPass::vectorizeRootInstruction,SLPVectorizerPass::vectorizeStoreChain,SLPVectorizerPass::vectorizeStoreChains,SLPVectorizerPass::vectorizeStores,tryToVectorizeList::lambda,vectorizeChainsInBlock::lambda,vectorizeGEPIndices::lambda,vectorizeStoreChains::lambda,vectorizeStores::lambda,vectorizeStores::sort_internals
docs/slp_decomposition/systematic/N13_T3_T11.ll	PassModel::run,SLPVectorizerPass::collectSeedInstructions,SLPVectorizerPass::run,SLPVectorizerPass::runImpl,SLPVectorizerPass::tryToVectorize,SLPVectorizerPass::tryToVectorizeList,SLPVectorizerPass::vectorizeChainsInBlock,SLPVectorizerPass::vectorizeCmpInsts,SLPVectorizerPass::vectorizeHorReduction,SLPVectorizerPass::vectorizeInsertElementInst,SLPVectorizerPass::vectorizeInserts,SLPVectorizerPass::vectorizeRootInstruction,SLPVectorizerPass::vectorizeStoreChain,SLPVectorizerPass::vectorizeStoreChains,SLPVectorizerPass::vectorizeStores,tryToVectorizeList::lambda,vectorizeChainsInBlock::lambda,vectorizeStoreChains::lambda,vectorizeStores::lambda,vectorizeStores::sort_internals
docs/slp_decomposition/systematic/N13_T3_T6.ll	PassModel::run,SLPVectorizerPass::collectSeedInstructions,SLPVectorizerPass::run,SLPVectorizerPass::runImpl,SLPVectorizerPass::tryToVectorize,SLPVectorizerPass::tryToVectorizeList,SLPVectorizerPass::vectorizeChainsInBlock,SLPVectorizerPass::vectorizeCmpInsts,SLPVectorizerPass::vectorizeHorReduction,SLPVectorizerPass::vectorizeInsertElementInst,SLPVectorizerPass::vectorizeInserts,SLPVectorizerPass::vectorizeRootInstruction,SLPVectorizerPass::vectorizeStoreChains,tryToVectorizeList::lambda,vectorizeChainsInBlock::lambda
docs/slp_decomposition/systematic/N13_T3_T7.ll	PassModel::run,SLPVectorizerPass::collectSeedInstructions,SLPVectorizerPass::run,SLPVectorizerPass::runImpl,SLPVectorizerPass::tryToVectorize,SLPVectorizerPass::tryToVectorizeList,SLPVectorizerPass::vectorizeChainsInBlock,SLPVectorizerPass::vectorizeCmpInsts,SLPVectorizerPass::vectorizeGEPIndices,SLPVectorizerPass::vectorizeHorReduction,SLPVectorizerPass::vectorizeInsertElementInst,SLPVectorizerPass::vectorizeInserts,SLPVectorizerPass::vectorizeRootInstruction,SLPVectorizerPass::vectorizeStoreChain,SLPVectorizerPass::vectorizeStoreChains,SLPVectorizerPass::vectorizeStores,tryToVectorizeList::lambda,vectorizeChainsInBlock::lambda,vectorizeGEPIndices::lambda,vectorizeStoreChains::lambda,vectorizeStores::lambda,vectorizeStores::sort_internals
docs/slp_decomposition/systematic/N13_T6_T11.ll	PassModel::run,SLPVectorizerPass::collectSeedInstructions,SLPVectorizerPass::run,SLPVectorizerPass::runImpl,SLPVectorizerPass::tryToVectorize,SLPVectorizerPass::tryToVectorizeList,SLPVectorizerPass::vectorizeChainsInBlock,SLPVectorizerPass::vectorizeCmpInsts,SLPVectorizerPass::vectorizeHorReduction,SLPVectorizerPass::vectorizeInsertElementInst,SLPVectorizerPass::vectorizeInserts,SLPVectorizerPass::vectorizeRootInstruction,SLPVectorizerPass::vectorizeStoreChain,SLPVectorizerPass::vectorizeStoreChains,SLPVectorizerPass::vectorizeStores,tryToVectorizeList::lambda,vectorizeChainsInBlock::lambda,vectorizeStoreChains::lambda,vectorizeStores::lambda,vectorizeStores::sort_internals
docs/slp_decomposition/systematic/N13_T6_T7.ll	PassModel::run,SLPVectorizerPass::collectSeedInstructions,SLPVectorizerPass::run,SLPVectorizerPass::runImpl,SLPVectorizerPass::tryToVectorize,SLPVectorizerPass::tryToVectorizeList,SLPVectorizerPass::vectorizeChainsInBlock,SLPVectorizerPass::vectorizeCmpInsts,SLPVectorizerPass::vectorizeGEPIndices,SLPVectorizerPass::vectorizeHorReduction,SLPVectorizerPass::vectorizeInsertElementInst,SLPVectorizerPass::vectorizeInserts,SLPVectorizerPass::vectorizeRootInstruction,SLPVectorizerPass::vectorizeStoreChain,SLPVectorizerPass::vectorizeStoreChains,SLPVectorizerPass::vectorizeStores,tryToVectorizeList::lambda,vectorizeChainsInBlock::lambda,vectorizeGEPIndices::lambda,vectorizeStoreChains::lambda,vectorizeStores::lambda,vectorizeStores::sort_internals
docs/slp_decomposition/systematic/N13_T7_T11.ll	PassModel::run,SLPVectorizerPass::collectSeedInstructions,SLPVectorizerPass::run,SLPVectorizerPass::runImpl,SLPVectorizerPass::tryToVectorize,SLPVectorizerPass::tryToVectorizeList,SLPVectorizerPass::vectorizeChainsInBlock,SLPVectorizerPass::vectorizeCmpInsts,SLPVectorizerPass::vectorizeGEPIndices,SLPVectorizerPass::vectorizeHorReduction,SLPVectorizerPass::vectorizeInsertElementInst,SLPVectorizerPass::vectorizeInserts,SLPVectorizerPass::vectorizeRootInstruction,SLPVectorizerPass::vectorizeStoreChain,SLPVectorizerPass::vectorizeStoreChains,SLPVectorizerPass::vectorizeStores,tryToVectorizeList::lambda,vectorizeChainsInBlock::lambda,vectorizeGEPIndices::lambda,vectorizeStoreChains::lambda,vectorizeStores::lambda,vectorizeStores::sort_internals
docs/slp_decomposition/systematic/N14_T1_T11.ll	PassModel::run,SLPVectorizerPass::collectSeedInstructions,SLPVectorizerPass::run,SLPVectorizerPass::runImpl,SLPVectorizerPass::tryToVectorize,SLPVectorizerPass::vectorizeChainsInBlock,SLPVectorizerPass::vectorizeCmpInsts,SLPVectorizerPass::vectorizeHorReduction,SLPVectorizerPass::vectorizeInserts,SLPVectorizerPass::vectorizeRootInstruction,SLPVectorizerPass::vectorizeStoreChain,SLPVectorizerPass::vectorizeStoreChains,SLPVectorizerPass::vectorizeStores,vectorizeChainsInBlock::lambda,vectorizeStoreChains::lambda,vectorizeStores::lambda,vectorizeStores::sort_internals
docs/slp_decomposition/systematic/N14_T1_T3.ll	PassModel::run,SLPVectorizerPass::collectSeedInstructions,SLPVectorizerPass::run,SLPVectorizerPass::runImpl,SLPVectorizerPass::tryToVectorize,SLPVectorizerPass::tryToVectorizeList,SLPVectorizerPass::vectorizeChainsInBlock,SLPVectorizerPass::vectorizeCmpInsts,SLPVectorizerPass::vectorizeHorReduction,SLPVectorizerPass::vectorizeInsertElementInst,SLPVectorizerPass::vectorizeInserts,SLPVectorizerPass::vectorizeRootInstruction,SLPVectorizerPass::vectorizeStoreChain,SLPVectorizerPass::vectorizeStoreChains,SLPVectorizerPass::vectorizeStores,vectorizeChainsInBlock::lambda,vectorizeStoreChains::lambda,vectorizeStores::lambda,vectorizeStores::sort_internals
docs/slp_decomposition/systematic/N14_T1_T6.ll	PassModel::run,SLPVectorizerPass::collectSeedInstructions,SLPVectorizerPass::run,SLPVectorizerPass::runImpl,SLPVectorizerPass::tryToVectorize,SLPVectorizerPass::vectorizeChainsInBlock,SLPVectorizerPass::vectorizeCmpInsts,SLPVectorizerPass::vectorizeHorReduction,SLPVectorizerPass::vectorizeInserts,SLPVectorizerPass::vectorizeRootInstruction,SLPVectorizerPass::vectorizeStoreChain,SLPVectorizerPass::vectorizeStoreChains,SLPVectorizerPass::vectorizeStores,vectorizeChainsInBlock::lambda,vectorizeStoreChains::lambda,vectorizeStores::lambda,vectorizeStores::sort_internals
docs/slp_decomposition/systematic/N14_T1_T7.ll	PassModel::run,SLPVectorizerPass::collectSeedInstructions,SLPVectorizerPass::run,SLPVectorizerPass::runImpl,SLPVectorizerPass::tryToVectorize,SLPVectorizerPass::tryToVectorizeList,SLPVectorizerPass::vectorizeChainsInBlock,SLPVectorizerPass::vectorizeCmpInsts,SLPVectorizerPass::vectorizeGEPIndices,SLPVectorizerPass::vectorizeHorReduction,SLPVectorizerPass::vectorizeInserts,SLPVectorizerPass::vectorizeRootInstruction,SLPVectorizerPass::vectorizeStoreChain,SLPVectorizerPass::vectorizeStoreChains,SLPVectorizerPass::vectorizeStores,vectorizeChainsInBlock::lambda,vectorizeGEPIndices::lambda,vectorizeStoreChains::lambda,vectorizeStores::lambda,vectorizeStores::sort_internals
docs/slp_decomposition/systematic/N14_T3_T11.ll	PassModel::run,SLPVectorizerPass::collectSeedInstructions,SLPVectorizerPass::run,SLPVectorizerPass::runImpl,SLPVectorizerPass::tryToVectorize,SLPVectorizerPass::tryToVectorizeList,SLPVectorizerPass::vectorizeChainsInBlock,SLPVectorizerPass::vectorizeCmpInsts,SLPVectorizerPass::vectorizeHorReduction,SLPVectorizerPass::vectorizeInsertElementInst,SLPVectorizerPass::vectorizeInserts,SLPVectorizerPass::vectorizeRootInstruction,SLPVectorizerPass::vectorizeStoreChain,SLPVectorizerPass::vectorizeStoreChains,SLPVectorizerPass::vectorizeStores,vectorizeChainsInBlock::lambda,vectorizeStoreChains::lambda,vectorizeStores::lambda,vectorizeStores::sort_internals
docs/slp_decomposition/systematic/N14_T3_T6.ll	PassModel::run,SLPVectorizerPass::collectSeedInstructions,SLPVectorizerPass::run,SLPVectorizerPass::runImpl,SLPVectorizerPass::tryToVectorize,SLPVectorizerPass::tryToVectorizeList,SLPVectorizerPass::vectorizeChainsInBlock,SLPVectorizerPass::vectorizeCmpInsts,SLPVectorizerPass::vectorizeHorReduction,SLPVectorizerPass::vectorizeInsertElementInst,SLPVectorizerPass::vectorizeInserts,SLPVectorizerPass::vectorizeRootInstruction,SLPVectorizerPass::vectorizeStoreChains,vectorizeChainsInBlock::lambda
docs/slp_decomposition/systematic/N14_T3_T7.ll	PassModel::run,SLPVectorizerPass::collectSeedInstructions,SLPVectorizerPass::run,SLPVectorizerPass::runImpl,SLPVectorizerPass::tryToVectorize,SLPVectorizerPass::tryToVectorizeList,SLPVectorizerPass::vectorizeChainsInBlock,SLPVectorizerPass::vectorizeCmpInsts,SLPVectorizerPass::vectorizeGEPIndices,SLPVectorizerPass::vectorizeHorReduction,SLPVectorizerPass::vectorizeInsertElementInst,SLPVectorizerPass::vectorizeInserts,SLPVectorizerPass::vectorizeRootInstruction,SLPVectorizerPass::vectorizeStoreChain,SLPVectorizerPass::vectorizeStoreChains,SLPVectorizerPass::vectorizeStores,vectorizeChainsInBlock::lambda,vectorizeGEPIndices::lambda,vectorizeStoreChains::lambda,vectorizeStores::lambda,vectorizeStores::sort_internals
docs/slp_decomposition/systematic/N14_T6_T11.ll	PassModel::run,SLPVectorizerPass::collectSeedInstructions,SLPVectorizerPass::run,SLPVectorizerPass::runImpl,SLPVectorizerPass::tryToVectorize,SLPVectorizerPass::vectorizeChainsInBlock,SLPVectorizerPass::vectorizeCmpInsts,SLPVectorizerPass::vectorizeHorReduction,SLPVectorizerPass::vectorizeInserts,SLPVectorizerPass::vectorizeRootInstruction,SLPVectorizerPass::vectorizeStoreChain,SLPVectorizerPass::vectorizeStoreChains,SLPVectorizerPass::vectorizeStores,vectorizeChainsInBlock::lambda,vectorizeStoreChains::lambda,vectorizeStores::lambda,vectorizeStores::sort_internals
docs/slp_decomposition/systematic/N14_T6_T7.ll	PassModel::run,SLPVectorizerPass::collectSeedInstructions,SLPVectorizerPass::run,SLPVectorizerPass::runImpl,SLPVectorizerPass::tryToVectorize,SLPVectorizerPass::tryToVectorizeList,SLPVectorizerPass::vectorizeChainsInBlock,SLPVectorizerPass::vectorizeCmpInsts,SLPVectorizerPass::vectorizeGEPIndices,SLPVectorizerPass::vectorizeHorReduction,SLPVectorizerPass::vectorizeInserts,SLPVectorizerPass::vectorizeRootInstruction,SLPVectorizerPass::vectorizeStoreChain,SLPVectorizerPass::vectorizeStoreChains,SLPVectorizerPass::vectorizeStores,vectorizeChainsInBlock::lambda,vectorizeGEPIndices::lambda,vectorizeStoreChains::lambda,vectorizeStores::lambda,vectorizeStores::sort_internals
docs/slp_decomposition/systematic/N14_T7_T11.ll	PassModel::run,SLPVectorizerPass::collectSeedInstructions,SLPVectorizerPass::run,SLPVectorizerPass::runImpl,SLPVectorizerPass::tryToVectorize,SLPVectorizerPass::tryToVectorizeList,SLPVectorizerPass::vectorizeChainsInBlock,SLPVectorizerPass::vectorizeCmpInsts,SLPVectorizerPass::vectorizeGEPIndices,SLPVectorizerPass::vectorizeHorReduction,SLPVectorizerPass::vectorizeInserts,SLPVectorizerPass::vectorizeRootInstruction,SLPVectorizerPass::vectorizeStoreChain,SLPVectorizerPass::vectorizeStoreChains,SLPVectorizerPass::vectorizeStores,vectorizeChainsInBlock::lambda,vectorizeGEPIndices::lambda,vectorizeStoreChains::lambda,vectorizeStores::lambda,vectorizeStores::sort_internals
docs/slp_decomposition/systematic/N15_T1_T11.ll	PassModel::run,SLPVectorizerPass::collectSeedInstructions,SLPVectorizerPass::run,SLPVectorizerPass::runImpl,SLPVectorizerPass::tryToVectorize,SLPVectorizerPass::tryToVectorizeList,SLPVectorizerPass::vectorizeChainsInBlock,SLPVectorizerPass::vectorizeCmpInsts,SLPVectorizerPass::vectorizeHorReduction,SLPVectorizerPass::vectorizeInserts,SLPVectorizerPass::vectorizeInsertValueInst,SLPVectorizerPass::vectorizeRootInstruction,SLPVectorizerPass::vectorizeStoreChain,SLPVectorizerPass::vectorizeStoreChains,SLPVectorizerPass::vectorizeStores,tryToVectorize::lambda,vectorizeChainsInBlock::lambda,vectorizeStoreChains::lambda,vectorizeStores::lambda,vectorizeStores::sort_internals
docs/slp_decomposition/systematic/N15_T1_T3.ll	PassModel::run,SLPVectorizerPass::collectSeedInstructions,SLPVectorizerPass::run,SLPVectorizerPass::runImpl,SLPVectorizerPass::tryToVectorize,SLPVectorizerPass::tryToVectorizeList,SLPVectorizerPass::vectorizeChainsInBlock,SLPVectorizerPass::vectorizeCmpInsts,SLPVectorizerPass::vectorizeHorReduction,SLPVectorizerPass::vectorizeInsertElementInst,SLPVectorizerPass::vectorizeInserts,SLPVectorizerPass::vectorizeInsertValueInst,SLPVectorizerPass::vectorizeRootInstruction,SLPVectorizerPass::vectorizeStoreChain,SLPVectorizerPass::vectorizeStoreChains,SLPVectorizerPass::vectorizeStores,tryToVectorize::lambda,vectorizeChainsInBlock::lambda,vectorizeStoreChains::lambda,vectorizeStores::lambda,vectorizeStores::sort_internals
docs/slp_decomposition/systematic/N15_T1_T6.ll	PassModel::run,SLPVectorizerPass::collectSeedInstructions,SLPVectorizerPass::run,SLPVectorizerPass::runImpl,SLPVectorizerPass::tryToVectorize,SLPVectorizerPass::tryToVectorizeList,SLPVectorizerPass::vectorizeChainsInBlock,SLPVectorizerPass::vectorizeCmpInsts,SLPVectorizerPass::vectorizeHorReduction,SLPVectorizerPass::vectorizeInserts,SLPVectorizerPass::vectorizeInsertValueInst,SLPVectorizerPass::vectorizeRootInstruction,SLPVectorizerPass::vectorizeStoreChain,SLPVectorizerPass::vectorizeStoreChains,SLPVectorizerPass::vectorizeStores,tryToVectorize::lambda,vectorizeChainsInBlock::lambda,vectorizeStoreChains::lambda,vectorizeStores::lambda,vectorizeStores::sort_internals
docs/slp_decomposition/systematic/N15_T1_T7.ll	PassModel::run,SLPVectorizerPass::collectSeedInstructions,SLPVectorizerPass::run,SLPVectorizerPass::runImpl,SLPVectorizerPass::tryToVectorize,SLPVectorizerPass::tryToVectorizeList,SLPVectorizerPass::vectorizeChainsInBlock,SLPVectorizerPass::vectorizeCmpInsts,SLPVectorizerPass::vectorizeGEPIndices,SLPVectorizerPass::vectorizeHorReduction,SLPVectorizerPass::vectorizeInserts,SLPVectorizerPass::vectorizeInsertValueInst,SLPVectorizerPass::vectorizeRootInstruction,SLPVectorizerPass::vectorizeStoreChain,SLPVectorizerPass::vectorizeStoreChains,SLPVectorizerPass::vectorizeStores,tryToVectorize::lambda,vectorizeChainsInBlock::lambda,vectorizeGEPIndices::lambda,vectorizeStoreChains::lambda,vectorizeStores::lambda,vectorizeStores::sort_internals
docs/slp_decomposition/systematic/N15_T3_T11.ll	PassModel::run,SLPVectorizerPass::collectSeedInstructions,SLPVectorizerPass::run,SLPVectorizerPass::runImpl,SLPVectorizerPass::tryToVectorize,SLPVectorizerPass::tryToVectorizeList,SLPVectorizerPass::vectorizeChainsInBlock,SLPVectorizerPass::vectorizeCmpInsts,SLPVectorizerPass::vectorizeHorReduction,SLPVectorizerPass::vectorizeInsertElementInst,SLPVectorizerPass::vectorizeInserts,SLPVectorizerPass::vectorizeInsertValueInst,SLPVectorizerPass::vectorizeRootInstruction,SLPVectorizerPass::vectorizeStoreChain,SLPVectorizerPass::vectorizeStoreChains,SLPVectorizerPass::vectorizeStores,tryToVectorize::lambda,vectorizeChainsInBlock::lambda,vectorizeStoreChains::lambda,vectorizeStores::lambda,vectorizeStores::sort_internals
docs/slp_decomposition/systematic/N15_T3_T6.ll	PassModel::run,SLPVectorizerPass::collectSeedInstructions,SLPVectorizerPass::run,SLPVectorizerPass::runImpl,SLPVectorizerPass::tryToVectorize,SLPVectorizerPass::tryToVectorizeList,SLPVectorizerPass::vectorizeChainsInBlock,SLPVectorizerPass::vectorizeCmpInsts,SLPVectorizerPass::vectorizeHorReduction,SLPVectorizerPass::vectorizeInsertElementInst,SLPVectorizerPass::vectorizeInserts,SLPVectorizerPass::vectorizeInsertValueInst,SLPVectorizerPass::vectorizeRootInstruction,SLPVectorizerPass::vectorizeStoreChains,tryToVectorize::lambda,vectorizeChainsInBlock::lambda
docs/slp_decomposition/systematic/N15_T3_T7.ll	PassModel::run,SLPVectorizerPass::collectSeedInstructions,SLPVectorizerPass::run,SLPVectorizerPass::runImpl,SLPVectorizerPass::tryToVectorize,SLPVectorizerPass::tryToVectorizeList,SLPVectorizerPass::vectorizeChainsInBlock,SLPVectorizerPass::vectorizeCmpInsts,SLPVectorizerPass::vectorizeGEPIndices,SLPVectorizerPass::vectorizeHorReduction,SLPVectorizerPass::vectorizeInsertElementInst,SLPVectorizerPass::vectorizeInserts,SLPVectorizerPass::vectorizeInsertValueInst,SLPVectorizerPass::vectorizeRootInstruction,SLPVectorizerPass::vectorizeStoreChain,SLPVectorizerPass::vectorizeStoreChains,SLPVectorizerPass::vectorizeStores,tryToVectorize::lambda,vectorizeChainsInBlock::lambda,vectorizeGEPIndices::lambda,vectorizeStoreChains::lambda,vectorizeStores::lambda,vectorizeStores::sort_internals
docs/slp_decomposition/systematic/N15_T6_T11.ll	PassModel::run,SLPVectorizerPass::collectSeedInstructions,SLPVectorizerPass::run,SLPVectorizerPass::runImpl,SLPVectorizerPass::tryToVectorize,SLPVectorizerPass::tryToVectorizeList,SLPVectorizerPass::vectorizeChainsInBlock,SLPVectorizerPass::vectorizeCmpInsts,SLPVectorizerPass::vectorizeHorReduction,SLPVectorizerPass::vectorizeInserts,SLPVectorizerPass::vectorizeInsertValueInst,SLPVectorizerPass::vectorizeRootInstruction,SLPVectorizerPass::vectorizeStoreChain,SLPVectorizerPass::vectorizeStoreChains,SLPVectorizerPass::vectorizeStores,tryToVectorize::lambda,vectorizeChainsInBlock::lambda,vectorizeStoreChains::lambda,vectorizeStores::lambda,vectorizeStores::sort_internals
docs/slp_decomposition/systematic/N15_T6_T7.ll	PassModel::run,SLPVectorizerPass::collectSeedInstructions,SLPVectorizerPass::run,SLPVectorizerPass::runImpl,SLPVectorizerPass::tryToVectorize,SLPVectorizerPass::tryToVectorizeList,SLPVectorizerPass::vectorizeChainsInBlock,SLPVectorizerPass::vectorizeCmpInsts,SLPVectorizerPass::vectorizeGEPIndices,SLPVectorizerPass::vectorizeHorReduction,SLPVectorizerPass::vectorizeInserts,SLPVectorizerPass::vectorizeInsertValueInst,SLPVectorizerPass::vectorizeRootInstruction,SLPVectorizerPass::vectorizeStoreChain,SLPVectorizerPass::vectorizeStoreChains,SLPVectorizerPass::vectorizeStores,tryToVectorize::lambda,vectorizeChainsInBlock::lambda,vectorizeGEPIndices::lambda,vectorizeStoreChains::lambda,vectorizeStores::lambda,vectorizeStores::sort_internals
docs/slp_decomposition/systematic/N15_T7_T11.ll	PassModel::run,SLPVectorizerPass::collectSeedInstructions,SLPVectorizerPass::run,SLPVectorizerPass::runImpl,SLPVectorizerPass::tryToVectorize,SLPVectorizerPass::tryToVectorizeList,SLPVectorizerPass::vectorizeChainsInBlock,SLPVectorizerPass::vectorizeCmpInsts,SLPVectorizerPass::vectorizeGEPIndices,SLPVectorizerPass::vectorizeHorReduction,SLPVectorizerPass::vectorizeInserts,SLPVectorizerPass::vectorizeInsertValueInst,SLPVectorizerPass::vectorizeRootInstruction,SLPVectorizerPass::vectorizeStoreChain,SLPVectorizerPass::vectorizeStoreChains,SLPVectorizerPass::vectorizeStores,tryToVectorize::lambda,vectorizeChainsInBlock::lambda,vectorizeGEPIndices::lambda,vectorizeStoreChains::lambda,vectorizeStores::lambda,vectorizeStores::sort_internals
docs/slp_decomposition/systematic/N16_T1_T11.ll	PassModel::run,SLPVectorizerPass::collectSeedInstructions,SLPVectorizerPass::run,SLPVectorizerPass::runImpl,SLPVectorizerPass::vectorizeChainsInBlock,SLPVectorizerPass::vectorizeCmpInsts,SLPVectorizerPass::vectorizeInserts,SLPVectorizerPass::vectorizeStoreChain,SLPVectorizerPass::vectorizeStoreChains,SLPVectorizerPass::vectorizeStores,vectorizeChainsInBlock::lambda,vectorizeStoreChain::lambda,vectorizeStoreChains::lambda,vectorizeStores::lambda,vectorizeStores::sort_internals
docs/slp_decomposition/systematic/N16_T1_T3.ll	PassModel::run,SLPVectorizerPass::collectSeedInstructions,SLPVectorizerPass::run,SLPVectorizerPass::runImpl,SLPVectorizerPass::tryToVectorizeList,SLPVectorizerPass::vectorizeChainsInBlock,SLPVectorizerPass::vectorizeCmpInsts,SLPVectorizerPass::vectorizeHorReduction,SLPVectorizerPass::vectorizeInsertElementInst,SLPVectorizerPass::vectorizeInserts,SLPVectorizerPass::vectorizeStoreChain,SLPVectorizerPass::vectorizeStoreChains,SLPVectorizerPass::vectorizeStores,vectorizeChainsInBlock::lambda,vectorizeStoreChain::lambda,vectorizeStoreChains::lambda,vectorizeStores::lambda,vectorizeStores::sort_internals
docs/slp_decomposition/systematic/N16_T1_T6.ll	PassModel::run,SLPVectorizerPass::collectSeedInstructions,SLPVectorizerPass::run,SLPVectorizerPass::runImpl,SLPVectorizerPass::tryToVectorize,SLPVectorizerPass::vectorizeChainsInBlock,SLPVectorizerPass::vectorizeCmpInsts,SLPVectorizerPass::vectorizeHorReduction,SLPVectorizerPass::vectorizeInserts,SLPVectorizerPass::vectorizeRootInstruction,SLPVectorizerPass::vectorizeStoreChain,SLPVectorizerPass::vectorizeStoreChains,SLPVectorizerPass::vectorizeStores,vectorizeChainsInBlock::lambda,vectorizeStoreChain::lambda,vectorizeStoreChains::lambda,vectorizeStores::lambda,vectorizeStores::sort_internals
docs/slp_decomposition/systematic/N16_T1_T7.ll	PassModel::run,SLPVectorizerPass::collectSeedInstructions,SLPVectorizerPass::run,SLPVectorizerPass::runImpl,SLPVectorizerPass::tryToVectorizeList,SLPVectorizerPass::vectorizeChainsInBlock,SLPVectorizerPass::vectorizeCmpInsts,SLPVectorizerPass::vectorizeGEPIndices,SLPVectorizerPass::vectorizeInserts,SLPVectorizerPass::vectorizeStoreChain,SLPVectorizerPass::vectorizeStoreChains,SLPVectorizerPass::vectorizeStores,vectorizeChainsInBlock::lambda,vectorizeGEPIndices::lambda,vectorizeStoreChain::lambda,vectorizeStoreChains::lambda,vectorizeStores::lambda,vectorizeStores::sort_internals
docs/slp_decomposition/systematic/N16_T3_T11.ll	PassModel::run,SLPVectorizerPass::collectSeedInstructions,SLPVectorizerPass::run,SLPVectorizerPass::runImpl,SLPVectorizerPass::tryToVectorizeList,SLPVectorizerPass::vectorizeChainsInBlock,SLPVectorizerPass::vectorizeCmpInsts,SLPVectorizerPass::vectorizeHorReduction,SLPVectorizerPass::vectorizeInsertElementInst,SLPVectorizerPass::vectorizeInserts,SLPVectorizerPass::vectorizeStoreChain,SLPVectorizerPass::vectorizeStoreChains,SLPVectorizerPass::vectorizeStores,vectorizeChainsInBlock::lambda,vectorizeStoreChain::lambda,vectorizeStoreChains::lambda,vectorizeStores::lambda,vectorizeStores::sort_internals
docs/slp_decomposition/systematic/N16_T3_T6.ll	PassModel::run,SLPVectorizerPass::collectSeedInstructions,SLPVectorizerPass::run,SLPVectorizerPass::runImpl,SLPVectorizerPass::tryToVectorize,SLPVectorizerPass::tryToVectorizeList,SLPVectorizerPass::vectorizeChainsInBlock,SLPVectorizerPass::vectorizeCmpInsts,SLPVectorizerPass::vectorizeHorReduction,SLPVectorizerPass::vectorizeInsertElementInst,SLPVectorizerPass::vectorizeInserts,SLPVectorizerPass::vectorizeRootInstruction,SLPVectorizerPass::vectorizeStoreChain,SLPVectorizerPass::vectorizeStoreChains,SLPVectorizerPass::vectorizeStores,vectorizeChainsInBlock::lambda,vectorizeStoreChain::lambda,vectorizeStoreChains::lambda,vectorizeStores::lambda,vectorizeStores::sort_internals
docs/slp_decomposition/systematic/N16_T3_T7.ll	PassModel::run,SLPVectorizerPass::collectSeedInstructions,SLPVectorizerPass::run,SLPVectorizerPass::runImpl,SLPVectorizerPass::tryToVectorizeList,SLPVectorizerPass::vectorizeChainsInBlock,SLPVectorizerPass::vectorizeCmpInsts,SLPVectorizerPass::vectorizeGEPIndices,SLPVectorizerPass::vectorizeHorReduction,SLPVectorizerPass::vectorizeInsertElementInst,SLPVectorizerPass::vectorizeInserts,SLPVectorizerPass::vectorizeStoreChain,SLPVectorizerPass::vectorizeStoreChains,SLPVectorizerPass::vectorizeStores,vectorizeChainsInBlock::lambda,vectorizeGEPIndices::lambda,vectorizeStoreChain::lambda,vectorizeStoreChains::lambda,vectorizeStores::lambda,vectorizeStores::sort_internals
docs/slp_decomposition/systematic/N16_T6_T11.ll	PassModel::run,SLPVectorizerPass::collectSeedInstructions,SLPVectorizerPass::run,SLPVectorizerPass::runImpl,SLPVectorizerPass::tryToVectorize,SLPVectorizerPass::vectorizeChainsInBlock,SLPVectorizerPass::vectorizeCmpInsts,SLPVectorizerPass::vectorizeHorReduction,SLPVectorizerPass::vectorizeInserts,SLPVectorizerPass::vectorizeRootInstruction,SLPVectorizerPass::vectorizeStoreChain,SLPVectorizerPass::vectorizeStoreChains,SLPVectorizerPass::vectorizeStores,vectorizeChainsInBlock::lambda,vectorizeStoreChain::lambda,vectorizeStoreChains::lambda,vectorizeStores::lambda,vectorizeStores::sort_internals
docs/slp_decomposition/systematic/N16_T6_T7.ll	PassModel::run,SLPVectorizerPass::collectSeedInstructions,SLPVectorizerPass::run,SLPVectorizerPass::runImpl,SLPVectorizerPass::tryToVectorize,SLPVectorizerPass::tryToVectorizeList,SLPVectorizerPass::vectorizeChainsInBlock,SLPVectorizerPass::vectorizeCmpInsts,SLPVectorizerPass::vectorizeGEPIndices,SLPVectorizerPass::vectorizeHorReduction,SLPVectorizerPass::vectorizeInserts,SLPVectorizerPass::vectorizeRootInstruction,SLPVectorizerPass::vectorizeStoreChain,SLPVectorizerPass::vectorizeStoreChains,SLPVectorizerPass::vectorizeStores,vectorizeChainsInBlock::lambda,vectorizeGEPIndices::lambda,vectorizeStoreChain::lambda,vectorizeStoreChains::lambda,vectorizeStores::lambda,vectorizeStores::sort_internals
docs/slp_decomposition/systematic/N16_T7_T11.ll	PassModel::run,SLPVectorizerPass::collectSeedInstructions,SLPVectorizerPass::run,SLPVectorizerPass::runImpl,SLPVectorizerPass::tryToVectorizeList,SLPVectorizerPass::vectorizeChainsInBlock,SLPVectorizerPass::vectorizeCmpInsts,SLPVectorizerPass::vectorizeGEPIndices,SLPVectorizerPass::vectorizeInserts,SLPVectorizerPass::vectorizeStoreChain,SLPVectorizerPass::vectorizeStoreChains,SLPVectorizerPass::vectorizeStores,vectorizeChainsInBlock::lambda,vectorizeGEPIndices::lambda,vectorizeStoreChain::lambda,vectorizeStoreChains::lambda,vectorizeStores::lambda,vectorizeStores::sort_internals
docs/slp_decomposition/systematic/N1_T1_T11.ll	PassModel::run,SLPVectorizerPass::collectSeedInstructions,SLPVectorizerPass::run,SLPVectorizerPass::runImpl,SLPVectorizerPass::vectorizeChainsInBlock,SLPVectorizerPass::vectorizeCmpInsts,SLPVectorizerPass::vectorizeInserts,SLPVectorizerPass::vectorizeStoreChain,SLPVectorizerPass::vectorizeStoreChains,SLPVectorizerPass::vectorizeStores,vectorizeChainsInBlock::lambda,vectorizeStoreChains::lambda,vectorizeStores::lambda,vectorizeStores::sort_internals
docs/slp_decomposition/systematic/N1_T1_T3.ll	PassModel::run,SLPVectorizerPass::collectSeedInstructions,SLPVectorizerPass::run,SLPVectorizerPass::runImpl,SLPVectorizerPass::tryToVectorizeList,SLPVectorizerPass::vectorizeChainsInBlock,SLPVectorizerPass::vectorizeCmpInsts,SLPVectorizerPass::vectorizeHorReduction,SLPVectorizerPass::vectorizeInsertElementInst,SLPVectorizerPass::vectorizeInserts,SLPVectorizerPass::vectorizeStoreChain,SLPVectorizerPass::vectorizeStoreChains,SLPVectorizerPass::vectorizeStores,vectorizeChainsInBlock::lambda,vectorizeStoreChains::lambda,vectorizeStores::lambda,vectorizeStores::sort_internals
docs/slp_decomposition/systematic/N1_T1_T6.ll	PassModel::run,SLPVectorizerPass::collectSeedInstructions,SLPVectorizerPass::run,SLPVectorizerPass::runImpl,SLPVectorizerPass::tryToVectorize,SLPVectorizerPass::vectorizeChainsInBlock,SLPVectorizerPass::vectorizeCmpInsts,SLPVectorizerPass::vectorizeHorReduction,SLPVectorizerPass::vectorizeInserts,SLPVectorizerPass::vectorizeRootInstruction,SLPVectorizerPass::vectorizeStoreChain,SLPVectorizerPass::vectorizeStoreChains,SLPVectorizerPass::vectorizeStores,vectorizeChainsInBlock::lambda,vectorizeStoreChains::lambda,vectorizeStores::lambda,vectorizeStores::sort_internals
docs/slp_decomposition/systematic/N1_T1_T7.ll	PassModel::run,SLPVectorizerPass::collectSeedInstructions,SLPVectorizerPass::run,SLPVectorizerPass::runImpl,SLPVectorizerPass::tryToVectorizeList,SLPVectorizerPass::vectorizeChainsInBlock,SLPVectorizerPass::vectorizeCmpInsts,SLPVectorizerPass::vectorizeGEPIndices,SLPVectorizerPass::vectorizeInserts,SLPVectorizerPass::vectorizeStoreChain,SLPVectorizerPass::vectorizeStoreChains,SLPVectorizerPass::vectorizeStores,vectorizeChainsInBlock::lambda,vectorizeGEPIndices::lambda,vectorizeStoreChains::lambda,vectorizeStores::lambda,vectorizeStores::sort_internals
docs/slp_decomposition/systematic/N1_T3_T11.ll	PassModel::run,SLPVectorizerPass::collectSeedInstructions,SLPVectorizerPass::run,SLPVectorizerPass::runImpl,SLPVectorizerPass::tryToVectorizeList,SLPVectorizerPass::vectorizeChainsInBlock,SLPVectorizerPass::vectorizeCmpInsts,SLPVectorizerPass::vectorizeHorReduction,SLPVectorizerPass::vectorizeInsertElementInst,SLPVectorizerPass::vectorizeInserts,SLPVectorizerPass::vectorizeStoreChain,SLPVectorizerPass::vectorizeStoreChains,SLPVectorizerPass::vectorizeStores,vectorizeChainsInBlock::lambda,vectorizeStoreChains::lambda,vectorizeStores::lambda,vectorizeStores::sort_internals
docs/slp_decomposition/systematic/N1_T3_T6.ll	PassModel::run,SLPVectorizerPass::collectSeedInstructions,SLPVectorizerPass::run,SLPVectorizerPass::runImpl,SLPVectorizerPass::tryToVectorize,SLPVectorizerPass::tryToVectorizeList,SLPVectorizerPass::vectorizeChainsInBlock,SLPVectorizerPass::vectorizeCmpInsts,SLPVectorizerPass::vectorizeHorReduction,SLPVectorizerPass::vectorizeInsertElementInst,SLPVectorizerPass::vectorizeInserts,SLPVectorizerPass::vectorizeRootInstruction,SLPVectorizerPass::vectorizeStoreChain,SLPVectorizerPass::vectorizeStoreChains,SLPVectorizerPass::vectorizeStores,vectorizeChainsInBlock::lambda,vectorizeStoreChains::lambda,vectorizeStores::lambda,vectorizeStores::sort_internals
docs/slp_decomposition/systematic/N1_T3_T7.ll	PassModel::run,SLPVectorizerPass::collectSeedInstructions,SLPVectorizerPass::run,SLPVectorizerPass::runImpl,SLPVectorizerPass::tryToVectorizeList,SLPVectorizerPass::vectorizeChainsInBlock,SLPVectorizerPass::vectorizeCmpInsts,SLPVectorizerPass::vectorizeGEPIndices,SLPVectorizerPass::vectorizeHorReduction,SLPVectorizerPass::vectorizeInsertElementInst,SLPVectorizerPass::vectorizeInserts,SLPVectorizerPass::vectorizeStoreChain,SLPVectorizerPass::vectorizeStoreChains,SLPVectorizerPass::vectorizeStores,vectorizeChainsInBlock::lambda,vectorizeGEPIndices::lambda,vectorizeStoreChains::lambda,vectorizeStores::lambda,vectorizeStores::sort_internals
docs/slp_decomposition/systematic/N1_T6_T11.ll	PassModel::run,SLPVectorizerPass::collectSeedInstructions,SLPVectorizerPass::run,SLPVectorizerPass::runImpl,SLPVectorizerPass::tryToVectorize,SLPVectorizerPass::vectorizeChainsInBlock,SLPVectorizerPass::vectorizeCmpInsts,SLPVectorizerPass::vectorizeHorReduction,SLPVectorizerPass::vectorizeInserts,SLPVectorizerPass::vectorizeRootInstruction,SLPVectorizerPass::vectorizeStoreChain,SLPVectorizerPass::vectorizeStoreChains,SLPVectorizerPass::vectorizeStores,vectorizeChainsInBlock::lambda,vectorizeStoreChains::lambda,vectorizeStores::lambda,vectorizeStores::sort_internals
docs/slp_decomposition/systematic/N1_T6_T7.ll	PassModel::run,SLPVectorizerPass::collectSeedInstructions,SLPVectorizerPass::run,SLPVectorizerPass::runImpl,SLPVectorizerPass::tryToVectorize,SLPVectorizerPass::tryToVectorizeList,SLPVectorizerPass::vectorizeChainsInBlock,SLPVectorizerPass::vectorizeCmpInsts,SLPVectorizerPass::vectorizeGEPIndices,SLPVectorizerPass::vectorizeHorReduction,SLPVectorizerPass::vectorizeInserts,SLPVectorizerPass::vectorizeRootInstruction,SLPVectorizerPass::vectorizeStoreChain,SLPVectorizerPass::vectorizeStoreChains,SLPVectorizerPass::vectorizeStores,vectorizeChainsInBlock::lambda,vectorizeGEPIndices::lambda,vectorizeStoreChains::lambda,vectorizeStores::lambda,vectorizeStores::sort_internals
docs/slp_decomposition/systematic/N1_T7_T11.ll	PassModel::run,SLPVectorizerPass::collectSeedInstructions,SLPVectorizerPass::run,SLPVectorizerPass::runImpl,SLPVectorizerPass::tryToVectorizeList,SLPVectorizerPass::vectorizeChainsInBlock,SLPVectorizerPass::vectorizeCmpInsts,SLPVectorizerPass::vectorizeGEPIndices,SLPVectorizerPass::vectorizeInserts,SLPVectorizerPass::vectorizeStoreChain,SLPVectorizerPass::vectorizeStoreChains,SLPVectorizerPass::vectorizeStores,vectorizeChainsInBlock::lambda,vectorizeGEPIndices::lambda,vectorizeStoreChains::lambda,vectorizeStores::lambda,vectorizeStores::sort_internals
docs/slp_decomposition/systematic/N2_T1_T11.ll	PassModel::run,SLPVectorizerPass::collectSeedInstructions,SLPVectorizerPass::run,SLPVectorizerPass::runImpl,SLPVectorizerPass::tryToVectorize,SLPVectorizerPass::tryToVectorizeList,SLPVectorizerPass::vectorizeChainsInBlock,SLPVectorizerPass::vectorizeCmpInsts,SLPVectorizerPass::vectorizeHorReduction,SLPVectorizerPass::vectorizeInsertElementInst,SLPVectorizerPass::vectorizeInserts,SLPVectorizerPass::vectorizeRootInstruction,SLPVectorizerPass::vectorizeStoreChain,SLPVectorizerPass::vectorizeStoreChains,SLPVectorizerPass::vectorizeStores,vectorizeChainsInBlock::lambda,vectorizeStoreChains::lambda,vectorizeStores::lambda,vectorizeStores::sort_internals
docs/slp_decomposition/systematic/N2_T1_T3.ll	PassModel::run,SLPVectorizerPass::collectSeedInstructions,SLPVectorizerPass::run,SLPVectorizerPass::runImpl,SLPVectorizerPass::tryToVectorize,SLPVectorizerPass::tryToVectorizeList,SLPVectorizerPass::vectorizeChainsInBlock,SLPVectorizerPass::vectorizeCmpInsts,SLPVectorizerPass::vectorizeHorReduction,SLPVectorizerPass::vectorizeInsertElementInst,SLPVectorizerPass::vectorizeInserts,SLPVectorizerPass::vectorizeRootInstruction,SLPVectorizerPass::vectorizeStoreChain,SLPVectorizerPass::vectorizeStoreChains,SLPVectorizerPass::vectorizeStores,vectorizeChainsInBlock::lambda,vectorizeStoreChains::lambda,vectorizeStores::lambda,vectorizeStores::sort_internals
docs/slp_decomposition/systematic/N2_T1_T6.ll	PassModel::run,SLPVectorizerPass::collectSeedInstructions,SLPVectorizerPass::run,SLPVectorizerPass::runImpl,SLPVectorizerPass::tryToVectorize,SLPVectorizerPass::tryToVectorizeList,SLPVectorizerPass::vectorizeChainsInBlock,SLPVectorizerPass::vectorizeCmpInsts,SLPVectorizerPass::vectorizeHorReduction,SLPVectorizerPass::vectorizeInsertElementInst,SLPVectorizerPass::vectorizeInserts,SLPVectorizerPass::vectorizeRootInstruction,SLPVectorizerPass::vectorizeStoreChain,SLPVectorizerPass::vectorizeStoreChains,SLPVectorizerPass::vectorizeStores,vectorizeChainsInBlock::lambda,vectorizeStoreChains::lambda,vectorizeStores::lambda,vectorizeStores::sort_internals
docs/slp_decomposition/systematic/N2_T1_T7.ll	PassModel::run,SLPVectorizerPass::collectSeedInstructions,SLPVectorizerPass::run,SLPVectorizerPass::runImpl,SLPVectorizerPass::tryToVectorize,SLPVectorizerPass::tryToVectorizeList,SLPVectorizerPass::vectorizeChainsInBlock,SLPVectorizerPass::vectorizeCmpInsts,SLPVectorizerPass::vectorizeGEPIndices,SLPVectorizerPass::vectorizeHorReduction,SLPVectorizerPass::vectorizeInsertElementInst,SLPVectorizerPass::vectorizeInserts,SLPVectorizerPass::vectorizeRootInstruction,SLPVectorizerPass::vectorizeStoreChain,SLPVectorizerPass::vectorizeStoreChains,SLPVectorizerPass::vectorizeStores,vectorizeChainsInBlock::lambda,vectorizeGEPIndices::lambda,vectorizeStoreChains::lambda,vectorizeStores::lambda,vectorizeStores::sort_internals
docs/slp_decomposition/systematic/N2_T3_T11.ll	PassModel::run,SLPVectorizerPass::collectSeedInstructions,SLPVectorizerPass::run,SLPVectorizerPass::runImpl,SLPVectorizerPass::tryToVectorize,SLPVectorizerPass::tryToVectorizeList,SLPVectorizerPass::vectorizeChainsInBlock,SLPVectorizerPass::vectorizeCmpInsts,SLPVectorizerPass::vectorizeHorReduction,SLPVectorizerPass::vectorizeInsertElementInst,SLPVectorizerPass::vectorizeInserts,SLPVectorizerPass::vectorizeRootInstruction,SLPVectorizerPass::vectorizeStoreChain,SLPVectorizerPass::vectorizeStoreChains,SLPVectorizerPass::vectorizeStores,vectorizeChainsInBlock::lambda,vectorizeStoreChains::lambda,vectorizeStores::lambda,vectorizeStores::sort_internals
docs/slp_decomposition/systematic/N2_T3_T6.ll	PassModel::run,SLPVectorizerPass::collectSeedInstructions,SLPVectorizerPass::run,SLPVectorizerPass::runImpl,SLPVectorizerPass::tryToVectorize,SLPVectorizerPass::tryToVectorizeList,SLPVectorizerPass::vectorizeChainsInBlock,SLPVectorizerPass::vectorizeCmpInsts,SLPVectorizerPass::vectorizeHorReduction,SLPVectorizerPass::vectorizeInsertElementInst,SLPVectorizerPass::vectorizeInserts,SLPVectorizerPass::vectorizeRootInstruction,SLPVectorizerPass::vectorizeStoreChains,vectorizeChainsInBlock::lambda
docs/slp_decomposition/systematic/N2_T3_T7.ll	PassModel::run,SLPVectorizerPass::collectSeedInstructions,SLPVectorizerPass::run,SLPVectorizerPass::runImpl,SLPVectorizerPass::tryToVectorize,SLPVectorizerPass::tryToVectorizeList,SLPVectorizerPass::vectorizeChainsInBlock,SLPVectorizerPass::vectorizeCmpInsts,SLPVectorizerPass::vectorizeGEPIndices,SLPVectorizerPass::vectorizeHorReduction,SLPVectorizerPass::vectorizeInsertElementInst,SLPVectorizerPass::vectorizeInserts,SLPVectorizerPass::vectorizeRootInstruction,SLPVectorizerPass::vectorizeStoreChain,SLPVectorizerPass::vectorizeStoreChains,SLPVectorizerPass::vectorizeStores,vectorizeChainsInBlock::lambda,vectorizeGEPIndices::lambda,vectorizeStoreChains::lambda,vectorizeStores::lambda,vectorizeStores::sort_internals
docs/slp_decomposition/systematic/N2_T6_T11.ll	PassModel::run,SLPVectorizerPass::collectSeedInstructions,SLPVectorizerPass::run,SLPVectorizerPass::runImpl,SLPVectorizerPass::tryToVectorize,SLPVectorizerPass::tryToVectorizeList,SLPVectorizerPass::vectorizeChainsInBlock,SLPVectorizerPass::vectorizeCmpInsts,SLPVectorizerPass::vectorizeHorReduction,SLPVectorizerPass::vectorizeInsertElementInst,SLPVectorizerPass::vectorizeInserts,SLPVectorizerPass::vectorizeRootInstruction,SLPVectorizerPass::vectorizeStoreChain,SLPVectorizerPass::vectorizeStoreChains,SLPVectorizerPass::vectorizeStores,vectorizeChainsInBlock::lambda,vectorizeStoreChains::lambda,vectorizeStores::lambda,vectorizeStores::sort_internals
docs/slp_decomposition/systematic/N2_T6_T7.ll	PassModel::run,SLPVectorizerPass::collectSeedInstructions,SLPVectorizerPass::run,SLPVectorizerPass::runImpl,SLPVectorizerPass::tryToVectorize,SLPVectorizerPass::tryToVectorizeList,SLPVectorizerPass::vectorizeChainsInBlock,SLPVectorizerPass::vectorizeCmpInsts,SLPVectorizerPass::vectorizeGEPIndices,SLPVectorizerPass::vectorizeHorReduction,SLPVectorizerPass::vectorizeInsertElementInst,SLPVectorizerPass::vectorizeInserts,SLPVectorizerPass::vectorizeRootInstruction,SLPVectorizerPass::vectorizeStoreChain,SLPVectorizerPass::vectorizeStoreChains,SLPVectorizerPass::vectorizeStores,vectorizeChainsInBlock::lambda,vectorizeGEPIndices::lambda,vectorizeStoreChains::lambda,vectorizeStores::lambda,vectorizeStores::sort_internals
docs/slp_decomposition/systematic/N2_T7_T11.ll	PassModel::run,SLPVectorizerPass::collectSeedInstructions,SLPVectorizerPass::run,SLPVectorizerPass::runImpl,SLPVectorizerPass::tryToVectorize,SLPVectorizerPass::tryToVectorizeList,SLPVectorizerPass::vectorizeChainsInBlock,SLPVectorizerPass::vectorizeCmpInsts,SLPVectorizerPass::vectorizeGEPIndices,SLPVectorizerPass::vectorizeHorReduction,SLPVectorizerPass::vectorizeInsertElementInst,SLPVectorizerPass::vectorizeInserts,SLPVectorizerPass::vectorizeRootInstruction,SLPVectorizerPass::vectorizeStoreChain,SLPVectorizerPass::vectorizeStoreChains,SLPVectorizerPass::vectorizeStores,vectorizeChainsInBlock::lambda,vectorizeGEPIndices::lambda,vectorizeStoreChains::lambda,vectorizeStores::lambda,vectorizeStores::sort_internals
docs/slp_decomposition/systematic/N3_T1_T11.ll	PassModel::run,SLPVectorizerPass::collectSeedInstructions,SLPVectorizerPass::run,SLPVectorizerPass::runImpl,SLPVectorizerPass::vectorizeChainsInBlock,SLPVectorizerPass::vectorizeCmpInsts,SLPVectorizerPass::vectorizeInserts,SLPVectorizerPass::vectorizeStoreChain,SLPVectorizerPass::vectorizeStoreChains,SLPVectorizerPass::vectorizeStores,vectorizeChainsInBlock::lambda,vectorizeStoreChains::lambda,vectorizeStores::lambda,vectorizeStores::sort_internals
docs/slp_decomposition/systematic/N3_T1_T3.ll	PassModel::run,SLPVectorizerPass::collectSeedInstructions,SLPVectorizerPass::run,SLPVectorizerPass::runImpl,SLPVectorizerPass::tryToVectorizeList,SLPVectorizerPass::vectorizeChainsInBlock,SLPVectorizerPass::vectorizeCmpInsts,SLPVectorizerPass::vectorizeHorReduction,SLPVectorizerPass::vectorizeInsertElementInst,SLPVectorizerPass::vectorizeInserts,SLPVectorizerPass::vectorizeStoreChain,SLPVectorizerPass::vectorizeStoreChains,SLPVectorizerPass::vectorizeStores,vectorizeChainsInBlock::lambda,vectorizeStoreChains::lambda,vectorizeStores::lambda,vectorizeStores::sort_internals
docs/slp_decomposition/systematic/N3_T1_T6.ll	PassModel::run,SLPVectorizerPass::collectSeedInstructions,SLPVectorizerPass::run,SLPVectorizerPass::runImpl,SLPVectorizerPass::tryToVectorize,SLPVectorizerPass::vectorizeChainsInBlock,SLPVectorizerPass::vectorizeCmpInsts,SLPVectorizerPass::vectorizeHorReduction,SLPVectorizerPass::vectorizeInserts,SLPVectorizerPass::vectorizeRootInstruction,SLPVectorizerPass::vectorizeStoreChain,SLPVectorizerPass::vectorizeStoreChains,SLPVectorizerPass::vectorizeStores,vectorizeChainsInBlock::lambda,vectorizeStoreChains::lambda,vectorizeStores::lambda,vectorizeStores::sort_internals
docs/slp_decomposition/systematic/N3_T1_T7.ll	PassModel::run,SLPVectorizerPass::collectSeedInstructions,SLPVectorizerPass::run,SLPVectorizerPass::runImpl,SLPVectorizerPass::tryToVectorizeList,SLPVectorizerPass::vectorizeChainsInBlock,SLPVectorizerPass::vectorizeCmpInsts,SLPVectorizerPass::vectorizeGEPIndices,SLPVectorizerPass::vectorizeInserts,SLPVectorizerPass::vectorizeStoreChain,SLPVectorizerPass::vectorizeStoreChains,SLPVectorizerPass::vectorizeStores,vectorizeChainsInBlock::lambda,vectorizeGEPIndices::lambda,vectorizeStoreChains::lambda,vectorizeStores::lambda,vectorizeStores::sort_internals
docs/slp_decomposition/systematic/N3_T3_T11.ll	PassModel::run,SLPVectorizerPass::collectSeedInstructions,SLPVectorizerPass::run,SLPVectorizerPass::runImpl,SLPVectorizerPass::tryToVectorizeList,SLPVectorizerPass::vectorizeChainsInBlock,SLPVectorizerPass::vectorizeCmpInsts,SLPVectorizerPass::vectorizeHorReduction,SLPVectorizerPass::vectorizeInsertElementInst,SLPVectorizerPass::vectorizeInserts,SLPVectorizerPass::vectorizeStoreChain,SLPVectorizerPass::vectorizeStoreChains,SLPVectorizerPass::vectorizeStores,vectorizeChainsInBlock::lambda,vectorizeStoreChains::lambda,vectorizeStores::lambda,vectorizeStores::sort_internals
docs/slp_decomposition/systematic/N3_T3_T6.ll	PassModel::run,SLPVectorizerPass::collectSeedInstructions,SLPVectorizerPass::run,SLPVectorizerPass::runImpl,SLPVectorizerPass::tryToVectorize,SLPVectorizerPass::tryToVectorizeList,SLPVectorizerPass::vectorizeChainsInBlock,SLPVectorizerPass::vectorizeCmpInsts,SLPVectorizerPass::vectorizeHorReduction,SLPVectorizerPass::vectorizeInsertElementInst,SLPVectorizerPass::vectorizeInserts,SLPVectorizerPass::vectorizeRootInstruction,SLPVectorizerPass::vectorizeStoreChains,vectorizeChainsInBlock::lambda
docs/slp_decomposition/systematic/N3_T3_T7.ll	PassModel::run,SLPVectorizerPass::collectSeedInstructions,SLPVectorizerPass::run,SLPVectorizerPass::runImpl,SLPVectorizerPass::tryToVectorizeList,SLPVectorizerPass::vectorizeChainsInBlock,SLPVectorizerPass::vectorizeCmpInsts,SLPVectorizerPass::vectorizeGEPIndices,SLPVectorizerPass::vectorizeHorReduction,SLPVectorizerPass::vectorizeInsertElementInst,SLPVectorizerPass::vectorizeInserts,SLPVectorizerPass::vectorizeStoreChain,SLPVectorizerPass::vectorizeStoreChains,SLPVectorizerPass::vectorizeStores,vectorizeChainsInBlock::lambda,vectorizeGEPIndices::lambda,vectorizeStoreChains::lambda,vectorizeStores::lambda,vectorizeStores::sort_internals
docs/slp_decomposition/systematic/N3_T6_T11.ll	PassModel::run,SLPVectorizerPass::collectSeedInstructions,SLPVectorizerPass::run,SLPVectorizerPass::runImpl,SLPVectorizerPass::tryToVectorize,SLPVectorizerPass::vectorizeChainsInBlock,SLPVectorizerPass::vectorizeCmpInsts,SLPVectorizerPass::vectorizeHorReduction,SLPVectorizerPass::vectorizeInserts,SLPVectorizerPass::vectorizeRootInstruction,SLPVectorizerPass::vectorizeStoreChain,SLPVectorizerPass::vectorizeStoreChains,SLPVectorizerPass::vectorizeStores,vectorizeChainsInBlock::lambda,vectorizeStoreChains::lambda,vectorizeStores::lambda,vectorizeStores::sort_internals
docs/slp_decomposition/systematic/N3_T6_T7.ll	PassModel::run,SLPVectorizerPass::collectSeedInstructions,SLPVectorizerPass::run,SLPVectorizerPass::runImpl,SLPVectorizerPass::tryToVectorize,SLPVectorizerPass::tryToVectorizeList,SLPVectorizerPass::vectorizeChainsInBlock,SLPVectorizerPass::vectorizeCmpInsts,SLPVectorizerPass::vectorizeGEPIndices,SLPVectorizerPass::vectorizeHorReduction,SLPVectorizerPass::vectorizeInserts,SLPVectorizerPass::vectorizeRootInstruction,SLPVectorizerPass::vectorizeStoreChain,SLPVectorizerPass::vectorizeStoreChains,SLPVectorizerPass::vectorizeStores,vectorizeChainsInBlock::lambda,vectorizeGEPIndices::lambda,vectorizeStoreChains::lambda,vectorizeStores::lambda,vectorizeStores::sort_internals
docs/slp_decomposition/systematic/N3_T7_T11.ll	PassModel::run,SLPVectorizerPass::collectSeedInstructions,SLPVectorizerPass::run,SLPVectorizerPass::runImpl,SLPVectorizerPass::tryToVectorizeList,SLPVectorizerPass::vectorizeChainsInBlock,SLPVectorizerPass::vectorizeCmpInsts,SLPVectorizerPass::vectorizeGEPIndices,SLPVectorizerPass::vectorizeInserts,SLPVectorizerPass::vectorizeStoreChain,SLPVectorizerPass::vectorizeStoreChains,SLPVectorizerPass::vectorizeStores,vectorizeChainsInBlock::lambda,vectorizeGEPIndices::lambda,vectorizeStoreChains::lambda,vectorizeStores::lambda,vectorizeStores::sort_internals
docs/slp_decomposition/systematic/N4_T1_T11.ll	PassModel::run,SLPVectorizerPass::collectSeedInstructions,SLPVectorizerPass::run,SLPVectorizerPass::runImpl,SLPVectorizerPass::tryToVectorize,SLPVectorizerPass::tryToVectorizeList,SLPVectorizerPass::vectorizeChainsInBlock,SLPVectorizerPass::vectorizeCmpInsts,SLPVectorizerPass::vectorizeHorReduction,SLPVectorizerPass::vectorizeInsertElementInst,SLPVectorizerPass::vectorizeInserts,SLPVectorizerPass::vectorizeRootInstruction,SLPVectorizerPass::vectorizeStoreChain,SLPVectorizerPass::vectorizeStoreChains,SLPVectorizerPass::vectorizeStores,vectorizeChainsInBlock::lambda,vectorizeStoreChains::lambda,vectorizeStores::lambda,vectorizeStores::sort_internals
docs/slp_decomposition/systematic/N4_T1_T3.ll	PassModel::run,SLPVectorizerPass::collectSeedInstructions,SLPVectorizerPass::run,SLPVectorizerPass::runImpl,SLPVectorizerPass::tryToVectorize,SLPVectorizerPass::tryToVectorizeList,SLPVectorizerPass::vectorizeChainsInBlock,SLPVectorizerPass::vectorizeCmpInsts,SLPVectorizerPass::vectorizeHorReduction,SLPVectorizerPass::vectorizeInsertElementInst,SLPVectorizerPass::vectorizeInserts,SLPVectorizerPass::vectorizeRootInstruction,SLPVectorizerPass::vectorizeStoreChain,SLPVectorizerPass::vectorizeStoreChains,SLPVectorizerPass::vectorizeStores,vectorizeChainsInBlock::lambda,vectorizeStoreChains::lambda,vectorizeStores::lambda,vectorizeStores::sort_internals
docs/slp_decomposition/systematic/N4_T1_T6.ll	PassModel::run,SLPVectorizerPass::collectSeedInstructions,SLPVectorizerPass::run,SLPVectorizerPass::runImpl,SLPVectorizerPass::tryToVectorize,SLPVectorizerPass::tryToVectorizeList,SLPVectorizerPass::vectorizeChainsInBlock,SLPVectorizerPass::vectorizeCmpInsts,SLPVectorizerPass::vectorizeHorReduction,SLPVectorizerPass::vectorizeInsertElementInst,SLPVectorizerPass::vectorizeInserts,SLPVectorizerPass::vectorizeRootInstruction,SLPVectorizerPass::vectorizeStoreChain,SLPVectorizerPass::vectorizeStoreChains,SLPVectorizerPass::vectorizeStores,vectorizeChainsInBlock::lambda,vectorizeStoreChains::lambda,vectorizeStores::lambda,vectorizeStores::sort_internals
docs/slp_decomposition/systematic/N4_T1_T7.ll	PassModel::run,SLPVectorizerPass::collectSeedInstructions,SLPVectorizerPass::run,SLPVectorizerPass::runImpl,SLPVectorizerPass::tryToVectorize,SLPVectorizerPass::tryToVectorizeList,SLPVectorizerPass::vectorizeChainsInBlock,SLPVectorizerPass::vectorizeCmpInsts,SLPVectorizerPass::vectorizeGEPIndices,SLPVectorizerPass::vectorizeHorReduction,SLPVectorizerPass::vectorizeInsertElementInst,SLPVectorizerPass::vectorizeInserts,SLPVectorizerPass::vectorizeRootInstruction,SLPVectorizerPass::vectorizeStoreChain,SLPVectorizerPass::vectorizeStoreChains,SLPVectorizerPass::vectorizeStores,vectorizeChainsInBlock::lambda,vectorizeGEPIndices::lambda,vectorizeStoreChains::lambda,vectorizeStores::lambda,vectorizeStores::sort_internals
docs/slp_decomposition/systematic/N4_T3_T11.ll	PassModel::run,SLPVectorizerPass::collectSeedInstructions,SLPVectorizerPass::run,SLPVectorizerPass::runImpl,SLPVectorizerPass::tryToVectorize,SLPVectorizerPass::tryToVectorizeList,SLPVectorizerPass::vectorizeChainsInBlock,SLPVectorizerPass::vectorizeCmpInsts,SLPVectorizerPass::vectorizeHorReduction,SLPVectorizerPass::vectorizeInsertElementInst,SLPVectorizerPass::vectorizeInserts,SLPVectorizerPass::vectorizeRootInstruction,SLPVectorizerPass::vectorizeStoreChain,SLPVectorizerPass::vectorizeStoreChains,SLPVectorizerPass::vectorizeStores,vectorizeChainsInBlock::lambda,vectorizeStoreChains::lambda,vectorizeStores::lambda,vectorizeStores::sort_internals
docs/slp_decomposition/systematic/N4_T3_T6.ll	PassModel::run,SLPVectorizerPass::collectSeedInstructions,SLPVectorizerPass::run,SLPVectorizerPass::runImpl,SLPVectorizerPass::tryToVectorize,SLPVectorizerPass::tryToVectorizeList,SLPVectorizerPass::vectorizeChainsInBlock,SLPVectorizerPass::vectorizeCmpInsts,SLPVectorizerPass::vectorizeHorReduction,SLPVectorizerPass::vectorizeInsertElementInst,SLPVectorizerPass::vectorizeInserts,SLPVectorizerPass::vectorizeRootInstruction,SLPVectorizerPass::vectorizeStoreChains,vectorizeChainsInBlock::lambda
docs/slp_decomposition/systematic/N4_T3_T7.ll	PassModel::run,SLPVectorizerPass::collectSeedInstructions,SLPVectorizerPass::run,SLPVectorizerPass::runImpl,SLPVectorizerPass::tryToVectorize,SLPVectorizerPass::tryToVectorizeList,SLPVectorizerPass::vectorizeChainsInBlock,SLPVectorizerPass::vectorizeCmpInsts,SLPVectorizerPass::vectorizeGEPIndices,SLPVectorizerPass::vectorizeHorReduction,SLPVectorizerPass::vectorizeInsertElementInst,SLPVectorizerPass::vectorizeInserts,SLPVectorizerPass::vectorizeRootInstruction,SLPVectorizerPass::vectorizeStoreChain,SLPVectorizerPass::vectorizeStoreChains,SLPVectorizerPass::vectorizeStores,vectorizeChainsInBlock::lambda,vectorizeGEPIndices::lambda,vectorizeStoreChains::lambda,vectorizeStores::lambda,vectorizeStores::sort_internals
docs/slp_decomposition/systematic/N4_T6_T11.ll	PassModel::run,SLPVectorizerPass::collectSeedInstructions,SLPVectorizerPass::run,SLPVectorizerPass::runImpl,SLPVectorizerPass::tryToVectorize,SLPVectorizerPass::tryToVectorizeList,SLPVectorizerPass::vectorizeChainsInBlock,SLPVectorizerPass::vectorizeCmpInsts,SLPVectorizerPass::vectorizeHorReduction,SLPVectorizerPass::vectorizeInsertElementInst,SLPVectorizerPass::vectorizeInserts,SLPVectorizerPass::vectorizeRootInstruction,SLPVectorizerPass::vectorizeStoreChain,SLPVectorizerPass::vectorizeStoreChains,SLPVectorizerPass::vectorizeStores,vectorizeChainsInBlock::lambda,vectorizeStoreChains::lambda,vectorizeStores::lambda,vectorizeStores::sort_internals
docs/slp_decomposition/systematic/N4_T6_T7.ll	PassModel::run,SLPVectorizerPass::collectSeedInstructions,SLPVectorizerPass::run,SLPVectorizerPass::runImpl,SLPVectorizerPass::tryToVectorize,SLPVectorizerPass::tryToVectorizeList,SLPVectorizerPass::vectorizeChainsInBlock,SLPVectorizerPass::vectorizeCmpInsts,SLPVectorizerPass::vectorizeGEPIndices,SLPVectorizerPass::vectorizeHorReduction,SLPVectorizerPass::vectorizeInsertElementInst,SLPVectorizerPass::vectorizeInserts,SLPVectorizerPass::vectorizeRootInstruction,SLPVectorizerPass::vectorizeStoreChain,SLPVectorizerPass::vectorizeStoreChains,SLPVectorizerPass::vectorizeStores,vectorizeChainsInBlock::lambda,vectorizeGEPIndices::lambda,vectorizeStoreChains::lambda,vectorizeStores::lambda,vectorizeStores::sort_internals
docs/slp_decomposition/systematic/N4_T7_T11.ll	PassModel::run,SLPVectorizerPass::collectSeedInstructions,SLPVectorizerPass::run,SLPVectorizerPass::runImpl,SLPVectorizerPass::tryToVectorize,SLPVectorizerPass::tryToVectorizeList,SLPVectorizerPass::vectorizeChainsInBlock,SLPVectorizerPass::vectorizeCmpInsts,SLPVectorizerPass::vectorizeGEPIndices,SLPVectorizerPass::vectorizeHorReduction,SLPVectorizerPass::vectorizeInsertElementInst,SLPVectorizerPass::vectorizeInserts,SLPVectorizerPass::vectorizeRootInstruction,SLPVectorizerPass::vectorizeStoreChain,SLPVectorizerPass::vectorizeStoreChains,SLPVectorizerPass::vectorizeStores,vectorizeChainsInBlock::lambda,vectorizeGEPIndices::lambda,vectorizeStoreChains::lambda,vectorizeStores::lambda,vectorizeStores::sort_internals
docs/slp_decomposition/systematic/N5_T1_T11.ll	PassModel::run,SLPVectorizerPass::collectSeedInstructions,SLPVectorizerPass::run,SLPVectorizerPass::runImpl,SLPVectorizerPass::vectorizeChainsInBlock,SLPVectorizerPass::vectorizeCmpInsts,SLPVectorizerPass::vectorizeInserts,SLPVectorizerPass::vectorizeStoreChain,SLPVectorizerPass::vectorizeStoreChains,SLPVectorizerPass::vectorizeStores,vectorizeChainsInBlock::lambda,vectorizeStoreChains::lambda,vectorizeStores::lambda,vectorizeStores::sort_internals
docs/slp_decomposition/systematic/N5_T1_T3.ll	PassModel::run,SLPVectorizerPass::collectSeedInstructions,SLPVectorizerPass::run,SLPVectorizerPass::runImpl,SLPVectorizerPass::tryToVectorizeList,SLPVectorizerPass::vectorizeChainsInBlock,SLPVectorizerPass::vectorizeCmpInsts,SLPVectorizerPass::vectorizeHorReduction,SLPVectorizerPass::vectorizeInsertElementInst,SLPVectorizerPass::vectorizeInserts,SLPVectorizerPass::vectorizeStoreChain,SLPVectorizerPass::vectorizeStoreChains,SLPVectorizerPass::vectorizeStores,vectorizeChainsInBlock::lambda,vectorizeStoreChains::lambda,vectorizeStores::lambda,vectorizeStores::sort_internals
docs/slp_decomposition/systematic/N5_T1_T6.ll	PassModel::run,SLPVectorizerPass::collectSeedInstructions,SLPVectorizerPass::run,SLPVectorizerPass::runImpl,SLPVectorizerPass::tryToVectorize,SLPVectorizerPass::vectorizeChainsInBlock,SLPVectorizerPass::vectorizeCmpInsts,SLPVectorizerPass::vectorizeHorReduction,SLPVectorizerPass::vectorizeInserts,SLPVectorizerPass::vectorizeRootInstruction,SLPVectorizerPass::vectorizeStoreChain,SLPVectorizerPass::vectorizeStoreChains,SLPVectorizerPass::vectorizeStores,vectorizeChainsInBlock::lambda,vectorizeStoreChains::lambda,vectorizeStores::lambda,vectorizeStores::sort_internals
docs/slp_decomposition/systematic/N5_T1_T7.ll	PassModel::run,SLPVectorizerPass::collectSeedInstructions,SLPVectorizerPass::run,SLPVectorizerPass::runImpl,SLPVectorizerPass::tryToVectorizeList,SLPVectorizerPass::vectorizeChainsInBlock,SLPVectorizerPass::vectorizeCmpInsts,SLPVectorizerPass::vectorizeGEPIndices,SLPVectorizerPass::vectorizeInserts,SLPVectorizerPass::vectorizeStoreChain,SLPVectorizerPass::vectorizeStoreChains,SLPVectorizerPass::vectorizeStores,vectorizeChainsInBlock::lambda,vectorizeGEPIndices::lambda,vectorizeStoreChains::lambda,vectorizeStores::lambda,vectorizeStores::sort_internals
docs/slp_decomposition/systematic/N5_T3_T11.ll	PassModel::run,SLPVectorizerPass::collectSeedInstructions,SLPVectorizerPass::run,SLPVectorizerPass::runImpl,SLPVectorizerPass::tryToVectorizeList,SLPVectorizerPass::vectorizeChainsInBlock,SLPVectorizerPass::vectorizeCmpInsts,SLPVectorizerPass::vectorizeHorReduction,SLPVectorizerPass::vectorizeInsertElementInst,SLPVectorizerPass::vectorizeInserts,SLPVectorizerPass::vectorizeStoreChain,SLPVectorizerPass::vectorizeStoreChains,SLPVectorizerPass::vectorizeStores,vectorizeChainsInBlock::lambda,vectorizeStoreChains::lambda,vectorizeStores::lambda,vectorizeStores::sort_internals
docs/slp_decomposition/systematic/N5_T3_T6.ll	PassModel::run,SLPVectorizerPass::collectSeedInstructions,SLPVectorizerPass::run,SLPVectorizerPass::runImpl,SLPVectorizerPass::tryToVectorize,SLPVectorizerPass::tryToVectorizeList,SLPVectorizerPass::vectorizeChainsInBlock,SLPVectorizerPass::vectorizeCmpInsts,SLPVectorizerPass::vectorizeHorReduction,SLPVectorizerPass::vectorizeInsertElementInst,SLPVectorizerPass::vectorizeInserts,SLPVectorizerPass::vectorizeRootInstruction,SLPVectorizerPass::vectorizeStoreChains,SLPVectorizerPass::vectorizeStores,vectorizeChainsInBlock::lambda,vectorizeStoreChains::lambda,vectorizeStores::lambda,vectorizeStores::sort_internals
docs/slp_decomposition/systematic/N5_T3_T7.ll	PassModel::run,SLPVectorizerPass::collectSeedInstructions,SLPVectorizerPass::run,SLPVectorizerPass::runImpl,SLPVectorizerPass::tryToVectorizeList,SLPVectorizerPass::vectorizeChainsInBlock,SLPVectorizerPass::vectorizeCmpInsts,SLPVectorizerPass::vectorizeGEPIndices,SLPVectorizerPass::vectorizeHorReduction,SLPVectorizerPass::vectorizeInsertElementInst,SLPVectorizerPass::vectorizeInserts,SLPVectorizerPass::vectorizeStoreChain,SLPVectorizerPass::vectorizeStoreChains,SLPVectorizerPass::vectorizeStores,vectorizeChainsInBlock::lambda,vectorizeGEPIndices::lambda,vectorizeStoreChains::lambda,vectorizeStores::lambda,vectorizeStores::sort_internals
docs/slp_decomposition/systematic/N5_T6_T11.ll	PassModel::run,SLPVectorizerPass::collectSeedInstructions,SLPVectorizerPass::run,SLPVectorizerPass::runImpl,SLPVectorizerPass::tryToVectorize,SLPVectorizerPass::vectorizeChainsInBlock,SLPVectorizerPass::vectorizeCmpInsts,SLPVectorizerPass::vectorizeHorReduction,SLPVectorizerPass::vectorizeInserts,SLPVectorizerPass::vectorizeRootInstruction,SLPVectorizerPass::vectorizeStoreChain,SLPVectorizerPass::vectorizeStoreChains,SLPVectorizerPass::vectorizeStores,vectorizeChainsInBlock::lambda,vectorizeStoreChains::lambda,vectorizeStores::lambda,vectorizeStores::sort_internals
docs/slp_decomposition/systematic/N5_T6_T7.ll	PassModel::run,SLPVectorizerPass::collectSeedInstructions,SLPVectorizerPass::run,SLPVectorizerPass::runImpl,SLPVectorizerPass::tryToVectorize,SLPVectorizerPass::tryToVectorizeList,SLPVectorizerPass::vectorizeChainsInBlock,SLPVectorizerPass::vectorizeCmpInsts,SLPVectorizerPass::vectorizeGEPIndices,SLPVectorizerPass::vectorizeHorReduction,SLPVectorizerPass::vectorizeInserts,SLPVectorizerPass::vectorizeRootInstruction,SLPVectorizerPass::vectorizeStoreChain,SLPVectorizerPass::vectorizeStoreChains,SLPVectorizerPass::vectorizeStores,vectorizeChainsInBlock::lambda,vectorizeGEPIndices::lambda,vectorizeStoreChains::lambda,vectorizeStores::lambda,vectorizeStores::sort_internals
docs/slp_decomposition/systematic/N5_T7_T11.ll	PassModel::run,SLPVectorizerPass::collectSeedInstructions,SLPVectorizerPass::run,SLPVectorizerPass::runImpl,SLPVectorizerPass::tryToVectorizeList,SLPVectorizerPass::vectorizeChainsInBlock,SLPVectorizerPass::vectorizeCmpInsts,SLPVectorizerPass::vectorizeGEPIndices,SLPVectorizerPass::vectorizeInserts,SLPVectorizerPass::vectorizeStoreChain,SLPVectorizerPass::vectorizeStoreChains,SLPVectorizerPass::vectorizeStores,vectorizeChainsInBlock::lambda,vectorizeGEPIndices::lambda,vectorizeStoreChains::lambda,vectorizeStores::lambda,vectorizeStores::sort_internals
docs/slp_decomposition/systematic/N6_T1_T11.ll	PassModel::run,SLPVectorizerPass::collectSeedInstructions,SLPVectorizerPass::run,SLPVectorizerPass::runImpl,SLPVectorizerPass::tryToVectorize,SLPVectorizerPass::vectorizeChainsInBlock,SLPVectorizerPass::vectorizeCmpInsts,SLPVectorizerPass::vectorizeHorReduction,SLPVectorizerPass::vectorizeInserts,SLPVectorizerPass::vectorizeRootInstruction,SLPVectorizerPass::vectorizeStoreChain,SLPVectorizerPass::vectorizeStoreChains,SLPVectorizerPass::vectorizeStores,vectorizeChainsInBlock::lambda,vectorizeStoreChains::lambda,vectorizeStores::lambda,vectorizeStores::sort_internals
docs/slp_decomposition/systematic/N6_T1_T3.ll	PassModel::run,SLPVectorizerPass::collectSeedInstructions,SLPVectorizerPass::run,SLPVectorizerPass::runImpl,SLPVectorizerPass::tryToVectorize,SLPVectorizerPass::tryToVectorizeList,SLPVectorizerPass::vectorizeChainsInBlock,SLPVectorizerPass::vectorizeCmpInsts,SLPVectorizerPass::vectorizeHorReduction,SLPVectorizerPass::vectorizeInsertElementInst,SLPVectorizerPass::vectorizeInserts,SLPVectorizerPass::vectorizeRootInstruction,SLPVectorizerPass::vectorizeStoreChain,SLPVectorizerPass::vectorizeStoreChains,SLPVectorizerPass::vectorizeStores,vectorizeChainsInBlock::lambda,vectorizeStoreChains::lambda,vectorizeStores::lambda,vectorizeStores::sort_internals
docs/slp_decomposition/systematic/N6_T1_T6.ll	PassModel::run,SLPVectorizerPass::collectSeedInstructions,SLPVectorizerPass::run,SLPVectorizerPass::runImpl,SLPVectorizerPass::tryToVectorize,SLPVectorizerPass::vectorizeChainsInBlock,SLPVectorizerPass::vectorizeCmpInsts,SLPVectorizerPass::vectorizeHorReduction,SLPVectorizerPass::vectorizeInserts,SLPVectorizerPass::vectorizeRootInstruction,SLPVectorizerPass::vectorizeStoreChain,SLPVectorizerPass::vectorizeStoreChains,SLPVectorizerPass::vectorizeStores,vectorizeChainsInBlock::lambda,vectorizeStoreChains::lambda,vectorizeStores::lambda,vectorizeStores::sort_internals
docs/slp_decomposition/systematic/N6_T1_T7.ll	PassModel::run,SLPVectorizerPass::collectSeedInstructions,SLPVectorizerPass::run,SLPVectorizerPass::runImpl,SLPVectorizerPass::tryToVectorize,SLPVectorizerPass::tryToVectorizeList,SLPVectorizerPass::vectorizeChainsInBlock,SLPVectorizerPass::vectorizeCmpInsts,SLPVectorizerPass::vectorizeGEPIndices,SLPVectorizerPass::vectorizeHorReduction,SLPVectorizerPass::vectorizeInserts,SLPVectorizerPass::vectorizeRootInstruction,SLPVectorizerPass::vectorizeStoreChain,SLPVectorizerPass::vectorizeStoreChains,SLPVectorizerPass::vectorizeStores,vectorizeChainsInBlock::lambda,vectorizeGEPIndices::lambda,vectorizeStoreChains::lambda,vectorizeStores::lambda,vectorizeStores::sort_internals
docs/slp_decomposition/systematic/N6_T3_T11.ll	PassModel::run,SLPVectorizerPass::collectSeedInstructions,SLPVectorizerPass::run,SLPVectorizerPass::runImpl,SLPVectorizerPass::tryToVectorize,SLPVectorizerPass::tryToVectorizeList,SLPVectorizerPass::vectorizeChainsInBlock,SLPVectorizerPass::vectorizeCmpInsts,SLPVectorizerPass::vectorizeHorReduction,SLPVectorizerPass::vectorizeInsertElementInst,SLPVectorizerPass::vectorizeInserts,SLPVectorizerPass::vectorizeRootInstruction,SLPVectorizerPass::vectorizeStoreChain,SLPVectorizerPass::vectorizeStoreChains,SLPVectorizerPass::vectorizeStores,vectorizeChainsInBlock::lambda,vectorizeStoreChains::lambda,vectorizeStores::lambda,vectorizeStores::sort_internals
docs/slp_decomposition/systematic/N6_T3_T6.ll	PassModel::run,SLPVectorizerPass::collectSeedInstructions,SLPVectorizerPass::run,SLPVectorizerPass::runImpl,SLPVectorizerPass::tryToVectorize,SLPVectorizerPass::tryToVectorizeList,SLPVectorizerPass::vectorizeChainsInBlock,SLPVectorizerPass::vectorizeCmpInsts,SLPVectorizerPass::vectorizeHorReduction,SLPVectorizerPass::vectorizeInsertElementInst,SLPVectorizerPass::vectorizeInserts,SLPVectorizerPass::vectorizeRootInstruction,SLPVectorizerPass::vectorizeStoreChain,SLPVectorizerPass::vectorizeStoreChains,SLPVectorizerPass::vectorizeStores,vectorizeChainsInBlock::lambda,vectorizeStoreChains::lambda,vectorizeStores::lambda,vectorizeStores::sort_internals
docs/slp_decomposition/systematic/N6_T3_T7.ll	PassModel::run,SLPVectorizerPass::collectSeedInstructions,SLPVectorizerPass::run,SLPVectorizerPass::runImpl,SLPVectorizerPass::tryToVectorize,SLPVectorizerPass::tryToVectorizeList,SLPVectorizerPass::vectorizeChainsInBlock,SLPVectorizerPass::vectorizeCmpInsts,SLPVectorizerPass::vectorizeGEPIndices,SLPVectorizerPass::vectorizeHorReduction,SLPVectorizerPass::vectorizeInsertElementInst,SLPVectorizerPass::vectorizeInserts,SLPVectorizerPass::vectorizeRootInstruction,SLPVectorizerPass::vectorizeStoreChain,SLPVectorizerPass::vectorizeStoreChains,SLPVectorizerPass::vectorizeStores,vectorizeChainsInBlock::lambda,vectorizeGEPIndices::lambda,vectorizeStoreChains::lambda,vectorizeStores::lambda,vectorizeStores::sort_internals
docs/slp_decomposition/systematic/N6_T6_T11.ll	PassModel::run,SLPVectorizerPass::collectSeedInstructions,SLPVectorizerPass::run,SLPVectorizerPass::runImpl,SLPVectorizerPass::tryToVectorize,SLPVectorizerPass::vectorizeChainsInBlock,SLPVectorizerPass::vectorizeCmpInsts,SLPVectorizerPass::vectorizeHorReduction,SLPVectorizerPass::vectorizeInserts,SLPVectorizerPass::vectorizeRootInstruction,SLPVectorizerPass::vectorizeStoreChain,SLPVectorizerPass::vectorizeStoreChains,SLPVectorizerPass::vectorizeStores,vectorizeChainsInBlock::lambda,vectorizeStoreChains::lambda,vectorizeStores::lambda,vectorizeStores::sort_internals
docs/slp_decomposition/systematic/N6_T6_T7.ll	PassModel::run,SLPVectorizerPass::collectSeedInstructions,SLPVectorizerPass::run,SLPVectorizerPass::runImpl,SLPVectorizerPass::tryToVectorize,SLPVectorizerPass::tryToVectorizeList,SLPVectorizerPass::vectorizeChainsInBlock,SLPVectorizerPass::vectorizeCmpInsts,SLPVectorizerPass::vectorizeGEPIndices,SLPVectorizerPass::vectorizeHorReduction,SLPVectorizerPass::vectorizeInserts,SLPVectorizerPass::vectorizeRootInstruction,SLPVectorizerPass::vectorizeStoreChain,SLPVectorizerPass::vectorizeStoreChains,SLPVectorizerPass::vectorizeStores,vectorizeChainsInBlock::lambda,vectorizeGEPIndices::lambda,vectorizeStoreChains::lambda,vectorizeStores::lambda,vectorizeStores::sort_internals
docs/slp_decomposition/systematic/N6_T7_T11.ll	PassModel::run,SLPVectorizerPass::collectSeedInstructions,SLPVectorizerPass::run,SLPVectorizerPass::runImpl,SLPVectorizerPass::tryToVectorize,SLPVectorizerPass::tryToVectorizeList,SLPVectorizerPass::vectorizeChainsInBlock,SLPVectorizerPass::vectorizeCmpInsts,SLPVectorizerPass::vectorizeGEPIndices,SLPVectorizerPass::vectorizeHorReduction,SLPVectorizerPass::vectorizeInserts,SLPVectorizerPass::vectorizeRootInstruction,SLPVectorizerPass::vectorizeStoreChain,SLPVectorizerPass::vectorizeStoreChains,SLPVectorizerPass::vectorizeStores,vectorizeChainsInBlock::lambda,vectorizeGEPIndices::lambda,vectorizeStoreChains::lambda,vectorizeStores::lambda,vectorizeStores::sort_internals
docs/slp_decomposition/systematic/N7_T1_T11.ll	PassModel::run,SLPVectorizerPass::collectSeedInstructions,SLPVectorizerPass::run,SLPVectorizerPass::runImpl,SLPVectorizerPass::tryToVectorize,SLPVectorizerPass::tryToVectorizeList,SLPVectorizerPass::vectorizeChainsInBlock,SLPVectorizerPass::vectorizeCmpInsts,SLPVectorizerPass::vectorizeHorReduction,SLPVectorizerPass::vectorizeInserts,SLPVectorizerPass::vectorizeRootInstruction,SLPVectorizerPass::vectorizeStoreChain,SLPVectorizerPass::vectorizeStoreChains,SLPVectorizerPass::vectorizeStores,tryToVectorize::lambda,tryToVectorizeList::lambda,vectorizeChainsInBlock::lambda,vectorizeStoreChains::lambda,vectorizeStores::lambda,vectorizeStores::sort_internals
docs/slp_decomposition/systematic/N7_T1_T3.ll	PassModel::run,SLPVectorizerPass::collectSeedInstructions,SLPVectorizerPass::run,SLPVectorizerPass::runImpl,SLPVectorizerPass::tryToVectorize,SLPVectorizerPass::tryToVectorizeList,SLPVectorizerPass::vectorizeChainsInBlock,SLPVectorizerPass::vectorizeCmpInsts,SLPVectorizerPass::vectorizeHorReduction,SLPVectorizerPass::vectorizeInsertElementInst,SLPVectorizerPass::vectorizeInserts,SLPVectorizerPass::vectorizeRootInstruction,SLPVectorizerPass::vectorizeStoreChain,SLPVectorizerPass::vectorizeStoreChains,SLPVectorizerPass::vectorizeStores,tryToVectorize::lambda,tryToVectorizeList::lambda,vectorizeChainsInBlock::lambda,vectorizeStoreChains::lambda,vectorizeStores::lambda,vectorizeStores::sort_internals
docs/slp_decomposition/systematic/N7_T1_T6.ll	PassModel::run,SLPVectorizerPass::collectSeedInstructions,SLPVectorizerPass::run,SLPVectorizerPass::runImpl,SLPVectorizerPass::tryToVectorize,SLPVectorizerPass::tryToVectorizeList,SLPVectorizerPass::vectorizeChainsInBlock,SLPVectorizerPass::vectorizeCmpInsts,SLPVectorizerPass::vectorizeHorReduction,SLPVectorizerPass::vectorizeInserts,SLPVectorizerPass::vectorizeRootInstruction,SLPVectorizerPass::vectorizeStoreChain,SLPVectorizerPass::vectorizeStoreChains,SLPVectorizerPass::vectorizeStores,tryToVectorize::lambda,tryToVectorizeList::lambda,vectorizeChainsInBlock::lambda,vectorizeStoreChains::lambda,vectorizeStores::lambda,vectorizeStores::sort_internals
docs/slp_decomposition/systematic/N7_T1_T7.ll	PassModel::run,SLPVectorizerPass::collectSeedInstructions,SLPVectorizerPass::run,SLPVectorizerPass::runImpl,SLPVectorizerPass::tryToVectorize,SLPVectorizerPass::tryToVectorizeList,SLPVectorizerPass::vectorizeChainsInBlock,SLPVectorizerPass::vectorizeCmpInsts,SLPVectorizerPass::vectorizeGEPIndices,SLPVectorizerPass::vectorizeHorReduction,SLPVectorizerPass::vectorizeInserts,SLPVectorizerPass::vectorizeRootInstruction,SLPVectorizerPass::vectorizeStoreChain,SLPVectorizerPass::vectorizeStoreChains,SLPVectorizerPass::vectorizeStores,tryToVectorize::lambda,tryToVectorizeList::lambda,vectorizeChainsInBlock::lambda,vectorizeGEPIndices::lambda,vectorizeStoreChains::lambda,vectorizeStores::lambda,vectorizeStores::sort_internals
docs/slp_decomposition/systematic/N7_T3_T11.ll	PassModel::run,SLPVectorizerPass::collectSeedInstructions,SLPVectorizerPass::run,SLPVectorizerPass::runImpl,SLPVectorizerPass::tryToVectorize,SLPVectorizerPass::tryToVectorizeList,SLPVectorizerPass::vectorizeChainsInBlock,SLPVectorizerPass::vectorizeCmpInsts,SLPVectorizerPass::vectorizeHorReduction,SLPVectorizerPass::vectorizeInsertElementInst,SLPVectorizerPass::vectorizeInserts,SLPVectorizerPass::vectorizeRootInstruction,SLPVectorizerPass::vectorizeStoreChain,SLPVectorizerPass::vectorizeStoreChains,SLPVectorizerPass::vectorizeStores,tryToVectorize::lambda,tryToVectorizeList::lambda,vectorizeChainsInBlock::lambda,vectorizeStoreChains::lambda,vectorizeStores::lambda,vectorizeStores::sort_internals
docs/slp_decomposition/systematic/N7_T3_T6.ll	PassModel::run,SLPVectorizerPass::collectSeedInstructions,SLPVectorizerPass::run,SLPVectorizerPass::runImpl,SLPVectorizerPass::tryToVectorize,SLPVectorizerPass::tryToVectorizeList,SLPVectorizerPass::vectorizeChainsInBlock,SLPVectorizerPass::vectorizeCmpInsts,SLPVectorizerPass::vectorizeHorReduction,SLPVectorizerPass::vectorizeInsertElementInst,SLPVectorizerPass::vectorizeInserts,SLPVectorizerPass::vectorizeRootInstruction,SLPVectorizerPass::vectorizeStoreChains,tryToVectorize::lambda,tryToVectorizeList::lambda,vectorizeChainsInBlock::lambda
docs/slp_decomposition/systematic/N7_T3_T7.ll	PassModel::run,SLPVectorizerPass::collectSeedInstructions,SLPVectorizerPass::run,SLPVectorizerPass::runImpl,SLPVectorizerPass::tryToVectorize,SLPVectorizerPass::tryToVectorizeList,SLPVectorizerPass::vectorizeChainsInBlock,SLPVectorizerPass::vectorizeCmpInsts,SLPVectorizerPass::vectorizeGEPIndices,SLPVectorizerPass::vectorizeHorReduction,SLPVectorizerPass::vectorizeInsertElementInst,SLPVectorizerPass::vectorizeInserts,SLPVectorizerPass::vectorizeRootInstruction,SLPVectorizerPass::vectorizeStoreChain,SLPVectorizerPass::vectorizeStoreChains,SLPVectorizerPass::vectorizeStores,tryToVectorize::lambda,tryToVectorizeList::lambda,vectorizeChainsInBlock::lambda,vectorizeGEPIndices::lambda,vectorizeStoreChains::lambda,vectorizeStores::lambda,vectorizeStores::sort_internals
docs/slp_decomposition/systematic/N7_T6_T11.ll	PassModel::run,SLPVectorizerPass::collectSeedInstructions,SLPVectorizerPass::run,SLPVectorizerPass::runImpl,SLPVectorizerPass::tryToVectorize,SLPVectorizerPass::tryToVectorizeList,SLPVectorizerPass::vectorizeChainsInBlock,SLPVectorizerPass::vectorizeCmpInsts,SLPVectorizerPass::vectorizeHorReduction,SLPVectorizerPass::vectorizeInserts,SLPVectorizerPass::vectorizeRootInstruction,SLPVectorizerPass::vectorizeStoreChain,SLPVectorizerPass::vectorizeStoreChains,SLPVectorizerPass::vectorizeStores,tryToVectorize::lambda,tryToVectorizeList::lambda,vectorizeChainsInBlock::lambda,vectorizeStoreChains::lambda,vectorizeStores::lambda,vectorizeStores::sort_internals
docs/slp_decomposition/systematic/N7_T6_T7.ll	PassModel::run,SLPVectorizerPass::collectSeedInstructions,SLPVectorizerPass::run,SLPVectorizerPass::runImpl,SLPVectorizerPass::tryToVectorize,SLPVectorizerPass::tryToVectorizeList,SLPVectorizerPass::vectorizeChainsInBlock,SLPVectorizerPass::vectorizeCmpInsts,SLPVectorizerPass::vectorizeGEPIndices,SLPVectorizerPass::vectorizeHorReduction,SLPVectorizerPass::vectorizeInserts,SLPVectorizerPass::vectorizeRootInstruction,SLPVectorizerPass::vectorizeStoreChain,SLPVectorizerPass::vectorizeStoreChains,SLPVectorizerPass::vectorizeStores,tryToVectorize::lambda,tryToVectorizeList::lambda,vectorizeChainsInBlock::lambda,vectorizeGEPIndices::lambda,vectorizeStoreChains::lambda,vectorizeStores::lambda,vectorizeStores::sort_internals
docs/slp_decomposition/systematic/N7_T7_T11.ll	PassModel::run,SLPVectorizerPass::collectSeedInstructions,SLPVectorizerPass::run,SLPVectorizerPass::runImpl,SLPVectorizerPass::tryToVectorize,SLPVectorizerPass::tryToVectorizeList,SLPVectorizerPass::vectorizeChainsInBlock,SLPVectorizerPass::vectorizeCmpInsts,SLPVectorizerPass::vectorizeGEPIndices,SLPVectorizerPass::vectorizeHorReduction,SLPVectorizerPass::vectorizeInserts,SLPVectorizerPass::vectorizeRootInstruction,SLPVectorizerPass::vectorizeStoreChain,SLPVectorizerPass::vectorizeStoreChains,SLPVectorizerPass::vectorizeStores,tryToVectorize::lambda,tryToVectorizeList::lambda,vectorizeChainsInBlock::lambda,vectorizeGEPIndices::lambda,vectorizeStoreChains::lambda,vectorizeStores::lambda,vectorizeStores::sort_internals
docs/slp_decomposition/systematic/N8_T1_T11.ll	PassModel::run,SLPVectorizerPass::collectSeedInstructions,SLPVectorizerPass::run,SLPVectorizerPass::runImpl,SLPVectorizerPass::tryToVectorize,SLPVectorizerPass::tryToVectorizeList,SLPVectorizerPass::vectorizeChainsInBlock,SLPVectorizerPass::vectorizeCmpInsts,SLPVectorizerPass::vectorizeHorReduction,SLPVectorizerPass::vectorizeInsertElementInst,SLPVectorizerPass::vectorizeInserts,SLPVectorizerPass::vectorizeRootInstruction,SLPVectorizerPass::vectorizeStoreChain,SLPVectorizerPass::vectorizeStoreChains,SLPVectorizerPass::vectorizeStores,tryToVectorizeList::lambda,vectorizeChainsInBlock::lambda,vectorizeStoreChains::lambda,vectorizeStores::lambda,vectorizeStores::sort_internals
docs/slp_decomposition/systematic/N8_T1_T3.ll	PassModel::run,SLPVectorizerPass::collectSeedInstructions,SLPVectorizerPass::run,SLPVectorizerPass::runImpl,SLPVectorizerPass::tryToVectorize,SLPVectorizerPass::tryToVectorizeList,SLPVectorizerPass::vectorizeChainsInBlock,SLPVectorizerPass::vectorizeCmpInsts,SLPVectorizerPass::vectorizeHorReduction,SLPVectorizerPass::vectorizeInsertElementInst,SLPVectorizerPass::vectorizeInserts,SLPVectorizerPass::vectorizeRootInstruction,SLPVectorizerPass::vectorizeStoreChain,SLPVectorizerPass::vectorizeStoreChains,SLPVectorizerPass::vectorizeStores,tryToVectorizeList::lambda,vectorizeChainsInBlock::lambda,vectorizeStoreChains::lambda,vectorizeStores::lambda,vectorizeStores::sort_internals
docs/slp_decomposition/systematic/N8_T1_T6.ll	PassModel::run,SLPVectorizerPass::collectSeedInstructions,SLPVectorizerPass::run,SLPVectorizerPass::runImpl,SLPVectorizerPass::tryToVectorize,SLPVectorizerPass::tryToVectorizeList,SLPVectorizerPass::vectorizeChainsInBlock,SLPVectorizerPass::vectorizeCmpInsts,SLPVectorizerPass::vectorizeHorReduction,SLPVectorizerPass::vectorizeInsertElementInst,SLPVectorizerPass::vectorizeInserts,SLPVectorizerPass::vectorizeRootInstruction,SLPVectorizerPass::vectorizeStoreChain,SLPVectorizerPass::vectorizeStoreChains,SLPVectorizerPass::vectorizeStores,tryToVectorizeList::lambda,vectorizeChainsInBlock::lambda,vectorizeStoreChains::lambda,vectorizeStores::lambda,vectorizeStores::sort_internals
docs/slp_decomposition/systematic/N8_T1_T7.ll	PassModel::run,SLPVectorizerPass::collectSeedInstructions,SLPVectorizerPass::run,SLPVectorizerPass::runImpl,SLPVectorizerPass::tryToVectorize,SLPVectorizerPass::tryToVectorizeList,SLPVectorizerPass::vectorizeChainsInBlock,SLPVectorizerPass::vectorizeCmpInsts,SLPVectorizerPass::vectorizeGEPIndices,SLPVectorizerPass::vectorizeHorReduction,SLPVectorizerPass::vectorizeInsertElementInst,SLPVectorizerPass::vectorizeInserts,SLPVectorizerPass::vectorizeRootInstruction,SLPVectorizerPass::vectorizeStoreChain,SLPVectorizerPass::vectorizeStoreChains,SLPVectorizerPass::vectorizeStores,tryToVectorizeList::lambda,vectorizeChainsInBlock::lambda,vectorizeGEPIndices::lambda,vectorizeStoreChains::lambda,vectorizeStores::lambda,vectorizeStores::sort_internals
docs/slp_decomposition/systematic/N8_T3_T11.ll	PassModel::run,SLPVectorizerPass::collectSeedInstructions,SLPVectorizerPass::run,SLPVectorizerPass::runImpl,SLPVectorizerPass::tryToVectorize,SLPVectorizerPass::tryToVectorizeList,SLPVectorizerPass::vectorizeChainsInBlock,SLPVectorizerPass::vectorizeCmpInsts,SLPVectorizerPass::vectorizeHorReduction,SLPVectorizerPass::vectorizeInsertElementInst,SLPVectorizerPass::vectorizeInserts,SLPVectorizerPass::vectorizeRootInstruction,SLPVectorizerPass::vectorizeStoreChain,SLPVectorizerPass::vectorizeStoreChains,SLPVectorizerPass::vectorizeStores,tryToVectorizeList::lambda,vectorizeChainsInBlock::lambda,vectorizeStoreChains::lambda,vectorizeStores::lambda,vectorizeStores::sort_internals
docs/slp_decomposition/systematic/N8_T3_T6.ll	PassModel::run,SLPVectorizerPass::collectSeedInstructions,SLPVectorizerPass::run,SLPVectorizerPass::runImpl,SLPVectorizerPass::tryToVectorize,SLPVectorizerPass::tryToVectorizeList,SLPVectorizerPass::vectorizeChainsInBlock,SLPVectorizerPass::vectorizeCmpInsts,SLPVectorizerPass::vectorizeHorReduction,SLPVectorizerPass::vectorizeInsertElementInst,SLPVectorizerPass::vectorizeInserts,SLPVectorizerPass::vectorizeRootInstruction,SLPVectorizerPass::vectorizeStoreChains,tryToVectorizeList::lambda,vectorizeChainsInBlock::lambda
docs/slp_decomposition/systematic/N8_T3_T7.ll	PassModel::run,SLPVectorizerPass::collectSeedInstructions,SLPVectorizerPass::run,SLPVectorizerPass::runImpl,SLPVectorizerPass::tryToVectorize,SLPVectorizerPass::tryToVectorizeList,SLPVectorizerPass::vectorizeChainsInBlock,SLPVectorizerPass::vectorizeCmpInsts,SLPVectorizerPass::vectorizeGEPIndices,SLPVectorizerPass::vectorizeHorReduction,SLPVectorizerPass::vectorizeInsertElementInst,SLPVectorizerPass::vectorizeInserts,SLPVectorizerPass::vectorizeRootInstruction,SLPVectorizerPass::vectorizeStoreChain,SLPVectorizerPass::vectorizeStoreChains,SLPVectorizerPass::vectorizeStores,tryToVectorizeList::lambda,vectorizeChainsInBlock::lambda,vectorizeGEPIndices::lambda,vectorizeStoreChains::lambda,vectorizeStores::lambda,vectorizeStores::sort_internals
docs/slp_decomposition/systematic/N8_T6_T11.ll	PassModel::run,SLPVectorizerPass::collectSeedInstructions,SLPVectorizerPass::run,SLPVectorizerPass::runImpl,SLPVectorizerPass::tryToVectorize,SLPVectorizerPass::tryToVectorizeList,SLPVectorizerPass::vectorizeChainsInBlock,SLPVectorizerPass::vectorizeCmpInsts,SLPVectorizerPass::vectorizeHorReduction,SLPVectorizerPass::vectorizeInsertElementInst,SLPVectorizerPass::vectorizeInserts,SLPVectorizerPass::vectorizeRootInstruction,SLPVectorizerPass::vectorizeStoreChain,SLPVectorizerPass::vectorizeStoreChains,SLPVectorizerPass::vectorizeStores,tryToVectorizeList::lambda,vectorizeChainsInBlock::lambda,vectorizeStoreChains::lambda,vectorizeStores::lambda,vectorizeStores::sort_internals
docs/slp_decomposition/systematic/N8_T6_T7.ll	PassModel::run,SLPVectorizerPass::collectSeedInstructions,SLPVectorizerPass::run,SLPVectorizerPass::runImpl,SLPVectorizerPass::tryToVectorize,SLPVectorizerPass::tryToVectorizeList,SLPVectorizerPass::vectorizeChainsInBlock,SLPVectorizerPass::vectorizeCmpInsts,SLPVectorizerPass::vectorizeGEPIndices,SLPVectorizerPass::vectorizeHorReduction,SLPVectorizerPass::vectorizeInsertElementInst,SLPVectorizerPass::vectorizeInserts,SLPVectorizerPass::vectorizeRootInstruction,SLPVectorizerPass::vectorizeStoreChain,SLPVectorizerPass::vectorizeStoreChains,SLPVectorizerPass::vectorizeStores,tryToVectorizeList::lambda,vectorizeChainsInBlock::lambda,vectorizeGEPIndices::lambda,vectorizeStoreChains::lambda,vectorizeStores::lambda,vectorizeStores::sort_internals
docs/slp_decomposition/systematic/N8_T7_T11.ll	PassModel::run,SLPVectorizerPass::collectSeedInstructions,SLPVectorizerPass::run,SLPVectorizerPass::runImpl,SLPVectorizerPass::tryToVectorize,SLPVectorizerPass::tryToVectorizeList,SLPVectorizerPass::vectorizeChainsInBlock,SLPVectorizerPass::vectorizeCmpInsts,SLPVectorizerPass::vectorizeGEPIndices,SLPVectorizerPass::vectorizeHorReduction,SLPVectorizerPass::vectorizeInsertElementInst,SLPVectorizerPass::vectorizeInserts,SLPVectorizerPass::vectorizeRootInstruction,SLPVectorizerPass::vectorizeStoreChain,SLPVectorizerPass::vectorizeStoreChains,SLPVectorizerPass::vectorizeStores,tryToVectorizeList::lambda,vectorizeChainsInBlock::lambda,vectorizeGEPIndices::lambda,vectorizeStoreChains::lambda,vectorizeStores::lambda,vectorizeStores::sort_internals
docs/slp_decomposition/systematic/N9_T1_T11.ll	PassModel::run,SLPVectorizerPass::collectSeedInstructions,SLPVectorizerPass::run,SLPVectorizerPass::runImpl,SLPVectorizerPass::tryToVectorizeList,SLPVectorizerPass::vectorizeChainsInBlock,SLPVectorizerPass::vectorizeCmpInsts,SLPVectorizerPass::vectorizeGEPIndices,SLPVectorizerPass::vectorizeInserts,SLPVectorizerPass::vectorizeStoreChain,SLPVectorizerPass::vectorizeStoreChains,SLPVectorizerPass::vectorizeStores,vectorizeChainsInBlock::lambda,vectorizeGEPIndices::lambda,vectorizeStoreChains::lambda,vectorizeStores::lambda,vectorizeStores::sort_internals
docs/slp_decomposition/systematic/N9_T1_T3.ll	PassModel::run,SLPVectorizerPass::collectSeedInstructions,SLPVectorizerPass::run,SLPVectorizerPass::runImpl,SLPVectorizerPass::tryToVectorizeList,SLPVectorizerPass::vectorizeChainsInBlock,SLPVectorizerPass::vectorizeCmpInsts,SLPVectorizerPass::vectorizeGEPIndices,SLPVectorizerPass::vectorizeHorReduction,SLPVectorizerPass::vectorizeInsertElementInst,SLPVectorizerPass::vectorizeInserts,SLPVectorizerPass::vectorizeStoreChain,SLPVectorizerPass::vectorizeStoreChains,SLPVectorizerPass::vectorizeStores,vectorizeChainsInBlock::lambda,vectorizeGEPIndices::lambda,vectorizeStoreChains::lambda,vectorizeStores::lambda,vectorizeStores::sort_internals
docs/slp_decomposition/systematic/N9_T1_T6.ll	PassModel::run,SLPVectorizerPass::collectSeedInstructions,SLPVectorizerPass::run,SLPVectorizerPass::runImpl,SLPVectorizerPass::tryToVectorize,SLPVectorizerPass::tryToVectorizeList,SLPVectorizerPass::vectorizeChainsInBlock,SLPVectorizerPass::vectorizeCmpInsts,SLPVectorizerPass::vectorizeGEPIndices,SLPVectorizerPass::vectorizeHorReduction,SLPVectorizerPass::vectorizeInserts,SLPVectorizerPass::vectorizeRootInstruction,SLPVectorizerPass::vectorizeStoreChain,SLPVectorizerPass::vectorizeStoreChains,SLPVectorizerPass::vectorizeStores,vectorizeChainsInBlock::lambda,vectorizeGEPIndices::lambda,vectorizeStoreChains::lambda,vectorizeStores::lambda,vectorizeStores::sort_internals
docs/slp_decomposition/systematic/N9_T1_T7.ll	PassModel::run,SLPVectorizerPass::collectSeedInstructions,SLPVectorizerPass::run,SLPVectorizerPass::runImpl,SLPVectorizerPass::tryToVectorizeList,SLPVectorizerPass::vectorizeChainsInBlock,SLPVectorizerPass::vectorizeCmpInsts,SLPVectorizerPass::vectorizeGEPIndices,SLPVectorizerPass::vectorizeInserts,SLPVectorizerPass::vectorizeStoreChain,SLPVectorizerPass::vectorizeStoreChains,SLPVectorizerPass::vectorizeStores,vectorizeChainsInBlock::lambda,vectorizeGEPIndices::lambda,vectorizeStoreChains::lambda,vectorizeStores::lambda,vectorizeStores::sort_internals
docs/slp_decomposition/systematic/N9_T3_T11.ll	PassModel::run,SLPVectorizerPass::collectSeedInstructions,SLPVectorizerPass::run,SLPVectorizerPass::runImpl,SLPVectorizerPass::tryToVectorizeList,SLPVectorizerPass::vectorizeChainsInBlock,SLPVectorizerPass::vectorizeCmpInsts,SLPVectorizerPass::vectorizeGEPIndices,SLPVectorizerPass::vectorizeHorReduction,SLPVectorizerPass::vectorizeInsertElementInst,SLPVectorizerPass::vectorizeInserts,SLPVectorizerPass::vectorizeStoreChain,SLPVectorizerPass::vectorizeStoreChains,SLPVectorizerPass::vectorizeStores,vectorizeChainsInBlock::lambda,vectorizeGEPIndices::lambda,vectorizeStoreChains::lambda,vectorizeStores::lambda,vectorizeStores::sort_internals
docs/slp_decomposition/systematic/N9_T3_T6.ll	PassModel::run,SLPVectorizerPass::collectSeedInstructions,SLPVectorizerPass::run,SLPVectorizerPass::runImpl,SLPVectorizerPass::tryToVectorize,SLPVectorizerPass::tryToVectorizeList,SLPVectorizerPass::vectorizeChainsInBlock,SLPVectorizerPass::vectorizeCmpInsts,SLPVectorizerPass::vectorizeGEPIndices,SLPVectorizerPass::vectorizeHorReduction,SLPVectorizerPass::vectorizeInsertElementInst,SLPVectorizerPass::vectorizeInserts,SLPVectorizerPass::vectorizeRootInstruction,SLPVectorizerPass::vectorizeStoreChain,SLPVectorizerPass::vectorizeStoreChains,SLPVectorizerPass::vectorizeStores,vectorizeChainsInBlock::lambda,vectorizeGEPIndices::lambda,vectorizeStoreChains::lambda,vectorizeStores::lambda,vectorizeStores::sort_internals
docs/slp_decomposition/systematic/N9_T3_T7.ll	PassModel::run,SLPVectorizerPass::collectSeedInstructions,SLPVectorizerPass::run,SLPVectorizerPass::runImpl,SLPVectorizerPass::tryToVectorizeList,SLPVectorizerPass::vectorizeChainsInBlock,SLPVectorizerPass::vectorizeCmpInsts,SLPVectorizerPass::vectorizeGEPIndices,SLPVectorizerPass::vectorizeHorReduction,SLPVectorizerPass::vectorizeInsertElementInst,SLPVectorizerPass::vectorizeInserts,SLPVectorizerPass::vectorizeStoreChain,SLPVectorizerPass::vectorizeStoreChains,SLPVectorizerPass::vectorizeStores,vectorizeChainsInBlock::lambda,vectorizeGEPIndices::lambda,vectorizeStoreChains::lambda,vectorizeStores::lambda,vectorizeStores::sort_internals
docs/slp_decomposition/systematic/N9_T6_T11.ll	PassModel::run,SLPVectorizerPass::collectSeedInstructions,SLPVectorizerPass::run,SLPVectorizerPass::runImpl,SLPVectorizerPass::tryToVectorize,SLPVectorizerPass::tryToVectorizeList,SLPVectorizerPass::vectorizeChainsInBlock,SLPVectorizerPass::vectorizeCmpInsts,SLPVectorizerPass::vectorizeGEPIndices,SLPVectorizerPass::vectorizeHorReduction,SLPVectorizerPass::vectorizeInserts,SLPVectorizerPass::vectorizeRootInstruction,SLPVectorizerPass::vectorizeStoreChain,SLPVectorizerPass::vectorizeStoreChains,SLPVectorizerPass::vectorizeStores,vectorizeChainsInBlock::lambda,vectorizeGEPIndices::lambda,vectorizeStoreChains::lambda,vectorizeStores::lambda,vectorizeStores::sort_internals
docs/slp_decomposition/systematic/N9_T6_T7.ll	PassModel::run,SLPVectorizerPass::collectSeedInstructions,SLPVectorizerPass::run,SLPVectorizerPass::runImpl,SLPVectorizerPass::tryToVectorize,SLPVectorizerPass::tryToVectorizeList,SLPVectorizerPass::vectorizeChainsInBlock,SLPVectorizerPass::vectorizeCmpInsts,SLPVectorizerPass::vectorizeGEPIndices,SLPVectorizerPass::vectorizeHorReduction,SLPVectorizerPass::vectorizeInserts,SLPVectorizerPass::vectorizeRootInstruction,SLPVectorizerPass::vectorizeStoreChain,SLPVectorizerPass::vectorizeStoreChains,SLPVectorizerPass::vectorizeStores,vectorizeChainsInBlock::lambda,vectorizeGEPIndices::lambda,vectorizeStoreChains::lambda,vectorizeStores::lambda,vectorizeStores::sort_internals
docs/slp_decomposition/systematic/N9_T7_T11.ll	PassModel::run,SLPVectorizerPass::collectSeedInstructions,SLPVectorizerPass::run,SLPVectorizerPass::runImpl,SLPVectorizerPass::tryToVectorizeList,SLPVectorizerPass::vectorizeChainsInBlock,SLPVectorizerPass::vectorizeCmpInsts,SLPVectorizerPass::vectorizeGEPIndices,SLPVectorizerPass::vectorizeInserts,SLPVectorizerPass::vectorizeStoreChain,SLPVectorizerPass::vectorizeStoreChains,SLPVectorizerPass::vectorizeStores,vectorizeChainsInBlock::lambda,vectorizeGEPIndices::lambda,vectorizeStoreChains::lambda,vectorizeStores::lambda,vectorizeStores::sort_internals
